{
	"credit": "Made with Blockbench",
	"textures": {
		"particle": "block/white_wool"
	},
	"display": {
		"thirdperson_righthand": {
			"rotation": [-13, 142, 3],
			"translation": [0, 6.25, -2.25]
		},
		"thirdperson_lefthand": {
			"rotation": [-13, 142, 3],
			"translation": [0, 6.25, -2.25]
		},
		"firstperson_righthand": {
			"rotation": [35, 62, 0],
			"translation": [5, 4.25, 0]
		},
		"firstperson_lefthand": {
			"rotation": [35, 62, 0],
			"translation": [5, 4.25, 0]
		},
		"ground": {
			"translation": [0, 7, 0]
		},
		"gui": {
			"rotation": [50, 56, -40],
			"translation": [1.75, 5, 0]
		},
		"head": {
			"translation": [0, 22.25, 9.25],
			"scale": [4, 4, 4]
		},
		"fixed": {
			"rotation": [0, 90, 0],
			"translation": [0, 4.75, 0]
		}
	}
}