{
	"credit": "Made with Blockbench",
	"textures": {
		"0": "block/white_wool",
		"1": "block/light_blue_wool",
		"2": "block/pink_wool",
		"3": "block/black_wool",
		"particle": "block/white_wool"
	},
	"elements": [
		{
			"from": [14, 0, 5],
			"to": [16, 2, 7],
			"rotation": {"angle": -22.5, "axis": "y", "origin": [8, 7, 8]},
			"faces": {
				"north": {"uv": [0, 0, 16, 16], "texture": "#0"},
				"east": {"uv": [0, 0, 16, 16], "texture": "#0"},
				"down": {"uv": [0, 0, 16, 16], "rotation": 270, "texture": "#0"}
			}
		},
		{
			"from": [12, 0, 5],
			"to": [14, 2, 7],
			"rotation": {"angle": -22.5, "axis": "y", "origin": [8, 7, 8]},
			"faces": {
				"north": {"uv": [0, 0, 16, 16], "texture": "#0"},
				"down": {"uv": [0, 0, 16, 16], "rotation": 270, "texture": "#0"}
			}
		},
		{
			"from": [10, 0, 5],
			"to": [12, 2, 7],
			"rotation": {"angle": -22.5, "axis": "y", "origin": [8, 7, 8]},
			"faces": {
				"north": {"uv": [0, 0, 16, 16], "texture": "#0"},
				"down": {"uv": [0, 0, 16, 16], "rotation": 270, "texture": "#0"}
			}
		},
		{
			"from": [8, 0, 5],
			"to": [10, 2, 7],
			"rotation": {"angle": -22.5, "axis": "y", "origin": [8, 7, 8]},
			"faces": {
				"north": {"uv": [0, 0, 16, 16], "texture": "#0"},
				"west": {"uv": [0, 0, 16, 16], "texture": "#0"},
				"down": {"uv": [0, 0, 16, 16], "rotation": 270, "texture": "#0"}
			}
		},
		{
			"from": [14, 0, 7],
			"to": [16, 2, 9],
			"rotation": {"angle": -22.5, "axis": "y", "origin": [8, 7, 8]},
			"faces": {
				"east": {"uv": [0, 0, 16, 16], "texture": "#0"},
				"down": {"uv": [0, 0, 16, 16], "rotation": 270, "texture": "#0"}
			}
		},
		{
			"from": [12, 0, 7],
			"to": [14, 2, 9],
			"rotation": {"angle": -22.5, "axis": "y", "origin": [8, 7, 8]},
			"faces": {
				"down": {"uv": [0, 0, 16, 16], "rotation": 270, "texture": "#0"}
			}
		},
		{
			"from": [10, 0, 7],
			"to": [12, 2, 9],
			"rotation": {"angle": -22.5, "axis": "y", "origin": [8, 7, 8]},
			"faces": {
				"down": {"uv": [0, 0, 16, 16], "rotation": 270, "texture": "#0"}
			}
		},
		{
			"from": [8, 0, 7],
			"to": [10, 2, 9],
			"rotation": {"angle": -22.5, "axis": "y", "origin": [8, 7, 8]},
			"faces": {
				"down": {"uv": [0, 0, 16, 16], "rotation": 270, "texture": "#0"}
			}
		},
		{
			"from": [6, 0, 7],
			"to": [8, 2, 9],
			"rotation": {"angle": -22.5, "axis": "y", "origin": [8, 7, 8]},
			"faces": {
				"north": {"uv": [0, 0, 16, 16], "texture": "#0"},
				"south": {"uv": [0, 0, 16, 16], "texture": "#0"},
				"down": {"uv": [0, 0, 16, 16], "rotation": 270, "texture": "#0"}
			}
		},
		{
			"from": [4, 0, 7],
			"to": [6, 2, 9],
			"rotation": {"angle": -22.5, "axis": "y", "origin": [8, 7, 8]},
			"faces": {
				"north": {"uv": [0, 0, 16, 16], "texture": "#0"},
				"south": {"uv": [0, 0, 16, 16], "texture": "#0"},
				"west": {"uv": [0, 0, 16, 16], "texture": "#0"},
				"down": {"uv": [0, 0, 16, 16], "rotation": 270, "texture": "#0"}
			}
		},
		{
			"from": [-8, 0, 7],
			"to": [-6, 2, 9],
			"rotation": {"angle": -22.5, "axis": "y", "origin": [8, 7, 8]},
			"faces": {
				"north": {"uv": [0, 0, 16, 16], "texture": "#1"},
				"east": {"uv": [0, 0, 16, 16], "texture": "#1"},
				"south": {"uv": [0, 0, 16, 16], "texture": "#1"},
				"west": {"uv": [0, 0, 16, 16], "texture": "#1"},
				"down": {"uv": [0, 0, 16, 16], "rotation": 270, "texture": "#1"}
			}
		},
		{
			"from": [14, 0, 9],
			"to": [16, 2, 11],
			"rotation": {"angle": -22.5, "axis": "y", "origin": [8, 7, 8]},
			"faces": {
				"east": {"uv": [0, 0, 16, 16], "texture": "#0"},
				"south": {"uv": [0, 0, 16, 16], "texture": "#0"},
				"down": {"uv": [0, 0, 16, 16], "rotation": 270, "texture": "#0"}
			}
		},
		{
			"from": [12, 0, 9],
			"to": [14, 2, 11],
			"rotation": {"angle": -22.5, "axis": "y", "origin": [8, 7, 8]},
			"faces": {
				"south": {"uv": [0, 0, 16, 16], "texture": "#0"},
				"down": {"uv": [0, 0, 16, 16], "rotation": 270, "texture": "#0"}
			}
		},
		{
			"from": [10, 0, 9],
			"to": [12, 2, 11],
			"rotation": {"angle": -22.5, "axis": "y", "origin": [8, 7, 8]},
			"faces": {
				"south": {"uv": [0, 0, 16, 16], "texture": "#0"},
				"down": {"uv": [0, 0, 16, 16], "rotation": 270, "texture": "#0"}
			}
		},
		{
			"from": [8, 0, 9],
			"to": [10, 2, 11],
			"rotation": {"angle": -22.5, "axis": "y", "origin": [8, 7, 8]},
			"faces": {
				"south": {"uv": [0, 0, 16, 16], "texture": "#0"},
				"west": {"uv": [0, 0, 16, 16], "texture": "#0"},
				"down": {"uv": [0, 0, 16, 16], "rotation": 270, "texture": "#0"}
			}
		},
		{
			"from": [8, 2, -1],
			"to": [10, 4, 1],
			"rotation": {"angle": -22.5, "axis": "y", "origin": [8, 7, 8]},
			"faces": {
				"north": {"uv": [0, 0, 16, 16], "texture": "#1"},
				"east": {"uv": [0, 0, 16, 16], "texture": "#1"},
				"up": {"uv": [0, 0, 16, 16], "rotation": 90, "texture": "#1"},
				"down": {"uv": [0, 0, 16, 16], "rotation": 270, "texture": "#1"}
			}
		},
		{
			"from": [6, 2, -1],
			"to": [8, 4, 1],
			"rotation": {"angle": -22.5, "axis": "y", "origin": [8, 7, 8]},
			"faces": {
				"north": {"uv": [0, 0, 16, 16], "texture": "#1"},
				"up": {"uv": [0, 0, 16, 16], "rotation": 90, "texture": "#1"},
				"down": {"uv": [0, 0, 16, 16], "rotation": 270, "texture": "#1"}
			}
		},
		{
			"from": [4, 2, -1],
			"to": [6, 4, 1],
			"rotation": {"angle": -22.5, "axis": "y", "origin": [8, 7, 8]},
			"faces": {
				"north": {"uv": [0, 0, 16, 16], "texture": "#1"},
				"south": {"uv": [0, 0, 16, 16], "texture": "#1"},
				"west": {"uv": [0, 0, 16, 16], "texture": "#1"},
				"up": {"uv": [0, 0, 16, 16], "rotation": 90, "texture": "#1"},
				"down": {"uv": [0, 0, 16, 16], "rotation": 270, "texture": "#1"}
			}
		},
		{
			"from": [10, 2, 1],
			"to": [12, 4, 3],
			"rotation": {"angle": -22.5, "axis": "y", "origin": [8, 7, 8]},
			"faces": {
				"north": {"uv": [0, 0, 16, 16], "texture": "#1"},
				"east": {"uv": [0, 0, 16, 16], "texture": "#1"},
				"down": {"uv": [0, 0, 16, 16], "rotation": 270, "texture": "#1"}
			}
		},
		{
			"from": [8, 2, 1],
			"to": [10, 4, 3],
			"rotation": {"angle": -22.5, "axis": "y", "origin": [8, 7, 8]},
			"faces": {
				"down": {"uv": [0, 0, 16, 16], "rotation": 270, "texture": "#1"}
			}
		},
		{
			"from": [6, 2, 1],
			"to": [8, 4, 3],
			"rotation": {"angle": -22.5, "axis": "y", "origin": [8, 7, 8]},
			"faces": {
				"west": {"uv": [0, 0, 16, 16], "texture": "#1"},
				"up": {"uv": [0, 0, 16, 16], "rotation": 90, "texture": "#1"},
				"down": {"uv": [0, 0, 16, 16], "rotation": 270, "texture": "#1"}
			}
		},
		{
			"from": [14, 2, 3],
			"to": [16, 4, 5],
			"rotation": {"angle": -22.5, "axis": "y", "origin": [8, 7, 8]},
			"faces": {
				"north": {"uv": [0, 0, 16, 16], "texture": "#0"},
				"east": {"uv": [0, 0, 16, 16], "texture": "#0"},
				"down": {"uv": [0, 0, 16, 16], "rotation": 270, "texture": "#0"}
			}
		},
		{
			"from": [12, 2, 3],
			"to": [14, 4, 5],
			"rotation": {"angle": -22.5, "axis": "y", "origin": [8, 7, 8]},
			"faces": {
				"north": {"uv": [0, 0, 16, 16], "texture": "#0"},
				"down": {"uv": [0, 0, 16, 16], "rotation": 270, "texture": "#0"}
			}
		},
		{
			"from": [10, 2, 3],
			"to": [12, 4, 5],
			"rotation": {"angle": -22.5, "axis": "y", "origin": [8, 7, 8]},
			"faces": {
				"down": {"uv": [0, 0, 16, 16], "rotation": 270, "texture": "#0"}
			}
		},
		{
			"from": [8, 2, 3],
			"to": [10, 4, 5],
			"rotation": {"angle": -22.5, "axis": "y", "origin": [8, 7, 8]},
			"faces": {
				"down": {"uv": [0, 0, 16, 16], "rotation": 270, "texture": "#0"}
			}
		},
		{
			"from": [6, 2, 3],
			"to": [8, 4, 5],
			"rotation": {"angle": -22.5, "axis": "y", "origin": [8, 7, 8]},
			"faces": {
				"west": {"uv": [0, 0, 16, 16], "texture": "#0"},
				"down": {"uv": [0, 0, 16, 16], "rotation": 270, "texture": "#0"}
			}
		},
		{
			"from": [18, 2, 5],
			"to": [20, 4, 7],
			"rotation": {"angle": -22.5, "axis": "y", "origin": [8, 7, 8]},
			"faces": {
				"north": {"uv": [0, 0, 16, 16], "texture": "#2"},
				"east": {"uv": [0, 0, 16, 16], "texture": "#2"},
				"down": {"uv": [0, 0, 16, 16], "rotation": 270, "texture": "#2"}
			}
		},
		{
			"from": [16, 2, 5],
			"to": [18, 4, 7],
			"rotation": {"angle": -22.5, "axis": "y", "origin": [8, 7, 8]},
			"faces": {
				"north": {"uv": [0, 0, 16, 16], "texture": "#0"},
				"down": {"uv": [0, 0, 16, 16], "rotation": 270, "texture": "#0"}
			}
		},
		{
			"from": [6, 2, 5],
			"to": [8, 4, 7],
			"rotation": {"angle": -22.5, "axis": "y", "origin": [8, 7, 8]},
			"faces": {
				"down": {"uv": [0, 0, 16, 16], "rotation": 270, "texture": "#0"}
			}
		},
		{
			"from": [4, 2, 5],
			"to": [6, 4, 7],
			"rotation": {"angle": -22.5, "axis": "y", "origin": [8, 7, 8]},
			"faces": {
				"north": {"uv": [0, 0, 16, 16], "texture": "#0"},
				"down": {"uv": [0, 0, 16, 16], "rotation": 270, "texture": "#0"}
			}
		},
		{
			"from": [2, 2, 5],
			"to": [4, 4, 7],
			"rotation": {"angle": -22.5, "axis": "y", "origin": [8, 7, 8]},
			"faces": {
				"north": {"uv": [0, 0, 16, 16], "texture": "#0"},
				"west": {"uv": [0, 0, 16, 16], "texture": "#0"},
				"down": {"uv": [0, 0, 16, 16], "rotation": 270, "texture": "#0"}
			}
		},
		{
			"from": [18, 2, 7],
			"to": [20, 4, 9],
			"rotation": {"angle": -22.5, "axis": "y", "origin": [8, 7, 8]},
			"faces": {
				"east": {"uv": [0, 0, 16, 16], "texture": "#2"},
				"down": {"uv": [0, 0, 16, 16], "rotation": 270, "texture": "#2"}
			}
		},
		{
			"from": [16, 2, 7],
			"to": [18, 4, 9],
			"rotation": {"angle": -22.5, "axis": "y", "origin": [8, 7, 8]},
			"faces": {
				"down": {"uv": [0, 0, 16, 16], "rotation": 270, "texture": "#0"}
			}
		},
		{
			"from": [2, 2, 7],
			"to": [4, 4, 9],
			"rotation": {"angle": -22.5, "axis": "y", "origin": [8, 7, 8]},
			"faces": {
				"down": {"uv": [0, 0, 16, 16], "rotation": 270, "texture": "#0"}
			}
		},
		{
			"from": [0, 2, 7],
			"to": [2, 4, 9],
			"rotation": {"angle": -22.5, "axis": "y", "origin": [8, 7, 8]},
			"faces": {
				"north": {"uv": [0, 0, 16, 16], "texture": "#0"},
				"south": {"uv": [0, 0, 16, 16], "texture": "#0"},
				"down": {"uv": [0, 0, 16, 16], "rotation": 270, "texture": "#0"}
			}
		},
		{
			"from": [-2, 2, 7],
			"to": [0, 4, 9],
			"rotation": {"angle": -22.5, "axis": "y", "origin": [8, 7, 8]},
			"faces": {
				"north": {"uv": [0, 0, 16, 16], "texture": "#0"},
				"south": {"uv": [0, 0, 16, 16], "texture": "#0"},
				"west": {"uv": [0, 0, 16, 16], "texture": "#0"},
				"down": {"uv": [0, 0, 16, 16], "rotation": 270, "texture": "#0"}
			}
		},
		{
			"from": [-6, 2, 7],
			"to": [-4, 4, 9],
			"rotation": {"angle": -22.5, "axis": "y", "origin": [8, 7, 8]},
			"faces": {
				"north": {"uv": [0, 0, 16, 16], "texture": "#1"},
				"east": {"uv": [0, 0, 16, 16], "texture": "#1"},
				"south": {"uv": [0, 0, 16, 16], "texture": "#1"},
				"down": {"uv": [0, 0, 16, 16], "rotation": 270, "texture": "#1"}
			}
		},
		{
			"from": [-8, 2, 7],
			"to": [-6, 4, 9],
			"rotation": {"angle": -22.5, "axis": "y", "origin": [8, 7, 8]},
			"faces": {
				"north": {"uv": [0, 0, 16, 16], "texture": "#1"},
				"south": {"uv": [0, 0, 16, 16], "texture": "#1"},
				"west": {"uv": [0, 0, 16, 16], "texture": "#1"},
				"up": {"uv": [0, 0, 16, 16], "rotation": 90, "texture": "#1"}
			}
		},
		{
			"from": [18, 2, 9],
			"to": [20, 4, 11],
			"rotation": {"angle": -22.5, "axis": "y", "origin": [8, 7, 8]},
			"faces": {
				"east": {"uv": [0, 0, 16, 16], "texture": "#2"},
				"south": {"uv": [0, 0, 16, 16], "texture": "#2"},
				"down": {"uv": [0, 0, 16, 16], "rotation": 270, "texture": "#2"}
			}
		},
		{
			"from": [16, 2, 9],
			"to": [18, 4, 11],
			"rotation": {"angle": -22.5, "axis": "y", "origin": [8, 7, 8]},
			"faces": {
				"south": {"uv": [0, 0, 16, 16], "texture": "#0"},
				"down": {"uv": [0, 0, 16, 16], "rotation": 270, "texture": "#0"}
			}
		},
		{
			"from": [6, 2, 9],
			"to": [8, 4, 11],
			"rotation": {"angle": -22.5, "axis": "y", "origin": [8, 7, 8]},
			"faces": {
				"down": {"uv": [0, 0, 16, 16], "rotation": 270, "texture": "#0"}
			}
		},
		{
			"from": [4, 2, 9],
			"to": [6, 4, 11],
			"rotation": {"angle": -22.5, "axis": "y", "origin": [8, 7, 8]},
			"faces": {
				"south": {"uv": [0, 0, 16, 16], "texture": "#0"},
				"down": {"uv": [0, 0, 16, 16], "rotation": 270, "texture": "#0"}
			}
		},
		{
			"from": [2, 2, 9],
			"to": [4, 4, 11],
			"rotation": {"angle": -22.5, "axis": "y", "origin": [8, 7, 8]},
			"faces": {
				"south": {"uv": [0, 0, 16, 16], "texture": "#0"},
				"west": {"uv": [0, 0, 16, 16], "texture": "#0"},
				"down": {"uv": [0, 0, 16, 16], "rotation": 270, "texture": "#0"}
			}
		},
		{
			"from": [14, 2, 11],
			"to": [16, 4, 13],
			"rotation": {"angle": -22.5, "axis": "y", "origin": [8, 7, 8]},
			"faces": {
				"east": {"uv": [0, 0, 16, 16], "texture": "#0"},
				"south": {"uv": [0, 0, 16, 16], "texture": "#0"},
				"down": {"uv": [0, 0, 16, 16], "rotation": 270, "texture": "#0"}
			}
		},
		{
			"from": [12, 2, 11],
			"to": [14, 4, 13],
			"rotation": {"angle": -22.5, "axis": "y", "origin": [8, 7, 8]},
			"faces": {
				"south": {"uv": [0, 0, 16, 16], "texture": "#0"},
				"down": {"uv": [0, 0, 16, 16], "rotation": 270, "texture": "#0"}
			}
		},
		{
			"from": [10, 2, 11],
			"to": [12, 4, 13],
			"rotation": {"angle": -22.5, "axis": "y", "origin": [8, 7, 8]},
			"faces": {
				"down": {"uv": [0, 0, 16, 16], "rotation": 270, "texture": "#0"}
			}
		},
		{
			"from": [8, 2, 11],
			"to": [10, 4, 13],
			"rotation": {"angle": -22.5, "axis": "y", "origin": [8, 7, 8]},
			"faces": {
				"down": {"uv": [0, 0, 16, 16], "rotation": 270, "texture": "#0"}
			}
		},
		{
			"from": [6, 2, 11],
			"to": [8, 4, 13],
			"rotation": {"angle": -22.5, "axis": "y", "origin": [8, 7, 8]},
			"faces": {
				"west": {"uv": [0, 0, 16, 16], "texture": "#0"},
				"down": {"uv": [0, 0, 16, 16], "rotation": 270, "texture": "#0"}
			}
		},
		{
			"from": [10, 2, 13],
			"to": [12, 4, 15],
			"rotation": {"angle": -22.5, "axis": "y", "origin": [8, 7, 8]},
			"faces": {
				"east": {"uv": [0, 0, 16, 16], "texture": "#1"},
				"south": {"uv": [0, 0, 16, 16], "texture": "#1"},
				"down": {"uv": [0, 0, 16, 16], "rotation": 270, "texture": "#1"}
			}
		},
		{
			"from": [8, 2, 13],
			"to": [10, 4, 15],
			"rotation": {"angle": -22.5, "axis": "y", "origin": [8, 7, 8]},
			"faces": {
				"down": {"uv": [0, 0, 16, 16], "rotation": 270, "texture": "#1"}
			}
		},
		{
			"from": [6, 2, 13],
			"to": [8, 4, 15],
			"rotation": {"angle": -22.5, "axis": "y", "origin": [8, 7, 8]},
			"faces": {
				"west": {"uv": [0, 0, 16, 16], "texture": "#1"},
				"up": {"uv": [0, 0, 16, 16], "rotation": 90, "texture": "#1"},
				"down": {"uv": [0, 0, 16, 16], "rotation": 270, "texture": "#1"}
			}
		},
		{
			"from": [8, 2, 15],
			"to": [10, 4, 17],
			"rotation": {"angle": -22.5, "axis": "y", "origin": [8, 7, 8]},
			"faces": {
				"east": {"uv": [0, 0, 16, 16], "texture": "#1"},
				"south": {"uv": [0, 0, 16, 16], "texture": "#1"},
				"up": {"uv": [0, 0, 16, 16], "rotation": 90, "texture": "#1"},
				"down": {"uv": [0, 0, 16, 16], "rotation": 270, "texture": "#1"}
			}
		},
		{
			"from": [6, 2, 15],
			"to": [8, 4, 17],
			"rotation": {"angle": -22.5, "axis": "y", "origin": [8, 7, 8]},
			"faces": {
				"south": {"uv": [0, 0, 16, 16], "texture": "#1"},
				"up": {"uv": [0, 0, 16, 16], "rotation": 90, "texture": "#1"},
				"down": {"uv": [0, 0, 16, 16], "rotation": 270, "texture": "#1"}
			}
		},
		{
			"from": [4, 2, 15],
			"to": [6, 4, 17],
			"rotation": {"angle": -22.5, "axis": "y", "origin": [8, 7, 8]},
			"faces": {
				"north": {"uv": [0, 0, 16, 16], "texture": "#1"},
				"south": {"uv": [0, 0, 16, 16], "texture": "#1"},
				"west": {"uv": [0, 0, 16, 16], "texture": "#1"},
				"up": {"uv": [0, 0, 16, 16], "rotation": 90, "texture": "#1"},
				"down": {"uv": [0, 0, 16, 16], "rotation": 270, "texture": "#1"}
			}
		},
		{
			"from": [12, 4, 1],
			"to": [14, 6, 3],
			"rotation": {"angle": -22.5, "axis": "y", "origin": [8, 7, 8]},
			"faces": {
				"north": {"uv": [0, 0, 16, 16], "texture": "#1"},
				"east": {"uv": [0, 0, 16, 16], "texture": "#1"},
				"up": {"uv": [0, 0, 16, 16], "rotation": 90, "texture": "#1"},
				"down": {"uv": [0, 0, 16, 16], "rotation": 270, "texture": "#1"}
			}
		},
		{
			"from": [10, 4, 1],
			"to": [12, 6, 3],
			"rotation": {"angle": -22.5, "axis": "y", "origin": [8, 7, 8]},
			"faces": {
				"north": {"uv": [0, 0, 16, 16], "texture": "#1"},
				"up": {"uv": [0, 0, 16, 16], "rotation": 90, "texture": "#1"}
			}
		},
		{
			"from": [8, 4, 1],
			"to": [10, 6, 3],
			"rotation": {"angle": -22.5, "axis": "y", "origin": [8, 7, 8]},
			"faces": {
				"north": {"uv": [0, 0, 16, 16], "texture": "#1"},
				"west": {"uv": [0, 0, 16, 16], "texture": "#1"},
				"up": {"uv": [0, 0, 16, 16], "rotation": 90, "texture": "#1"}
			}
		},
		{
			"from": [18, 4, 3],
			"to": [20, 6, 5],
			"rotation": {"angle": -22.5, "axis": "y", "origin": [8, 7, 8]},
			"faces": {
				"north": {"uv": [0, 0, 16, 16], "texture": "#0"},
				"east": {"uv": [0, 0, 16, 16], "texture": "#0"},
				"down": {"uv": [0, 0, 16, 16], "rotation": 270, "texture": "#0"}
			}
		},
		{
			"from": [16, 4, 3],
			"to": [18, 6, 5],
			"rotation": {"angle": -22.5, "axis": "y", "origin": [8, 7, 8]},
			"faces": {
				"north": {"uv": [0, 0, 16, 16], "texture": "#0"},
				"down": {"uv": [0, 0, 16, 16], "rotation": 270, "texture": "#0"}
			}
		},
		{
			"from": [14, 4, 3],
			"to": [16, 6, 5],
			"rotation": {"angle": -22.5, "axis": "y", "origin": [8, 7, 8]},
			"faces": {
				"north": {"uv": [0, 0, 16, 16], "texture": "#0"}
			}
		},
		{
			"from": [6, 4, 3],
			"to": [8, 6, 5],
			"rotation": {"angle": -22.5, "axis": "y", "origin": [8, 7, 8]},
			"faces": {
				"north": {"uv": [0, 0, 16, 16], "texture": "#1"},
				"up": {"uv": [0, 0, 16, 16], "rotation": 90, "texture": "#1"}
			}
		},
		{
			"from": [4, 4, 3],
			"to": [6, 6, 5],
			"rotation": {"angle": -22.5, "axis": "y", "origin": [8, 7, 8]},
			"faces": {
				"north": {"uv": [0, 0, 16, 16], "texture": "#1"},
				"west": {"uv": [0, 0, 16, 16], "texture": "#1"},
				"up": {"uv": [0, 0, 16, 16], "rotation": 90, "texture": "#1"},
				"down": {"uv": [0, 0, 16, 16], "rotation": 270, "texture": "#1"}
			}
		},
		{
			"from": [20, 4, 5],
			"to": [22, 6, 7],
			"rotation": {"angle": -22.5, "axis": "y", "origin": [8, 7, 8]},
			"faces": {
				"north": {"uv": [0, 0, 16, 16], "texture": "#0"},
				"east": {"uv": [0, 0, 16, 16], "texture": "#0"},
				"down": {"uv": [0, 0, 16, 16], "rotation": 270, "texture": "#0"}
			}
		},
		{
			"from": [2, 4, 5],
			"to": [4, 6, 7],
			"rotation": {"angle": -22.5, "axis": "y", "origin": [8, 7, 8]},
			"faces": {
				"north": {"uv": [0, 0, 16, 16], "texture": "#1"},
				"up": {"uv": [0, 0, 16, 16], "rotation": 90, "texture": "#1"}
			}
		},
		{
			"from": [0, 4, 5],
			"to": [2, 6, 7],
			"rotation": {"angle": -22.5, "axis": "y", "origin": [8, 7, 8]},
			"faces": {
				"north": {"uv": [0, 0, 16, 16], "texture": "#1"},
				"west": {"uv": [0, 0, 16, 16], "texture": "#1"},
				"up": {"uv": [0, 0, 16, 16], "rotation": 90, "texture": "#1"},
				"down": {"uv": [0, 0, 16, 16], "rotation": 270, "texture": "#1"}
			}
		},
		{
			"from": [22, 4, 7],
			"to": [24, 6, 9],
			"rotation": {"angle": -22.5, "axis": "y", "origin": [8, 7, 8]},
			"faces": {
				"north": {"uv": [0, 0, 16, 16], "texture": "#0"},
				"east": {"uv": [0, 0, 16, 16], "texture": "#0"},
				"south": {"uv": [0, 0, 16, 16], "texture": "#0"},
				"down": {"uv": [0, 0, 16, 16], "rotation": 270, "texture": "#0"}
			}
		},
		{
			"from": [20, 4, 7],
			"to": [22, 6, 9],
			"rotation": {"angle": -22.5, "axis": "y", "origin": [8, 7, 8]},
			"faces": {
				"down": {"uv": [0, 0, 16, 16], "rotation": 270, "texture": "#0"}
			}
		},
		{
			"from": [-2, 4, 7],
			"to": [0, 6, 9],
			"rotation": {"angle": -22.5, "axis": "y", "origin": [8, 7, 8]},
			"faces": {
				"north": {"uv": [0, 0, 16, 16], "texture": "#1"},
				"south": {"uv": [0, 0, 16, 16], "texture": "#1"}
			}
		},
		{
			"from": [-4, 4, 7],
			"to": [-2, 6, 9],
			"rotation": {"angle": -22.5, "axis": "y", "origin": [8, 7, 8]},
			"faces": {
				"north": {"uv": [0, 0, 16, 16], "texture": "#1"},
				"south": {"uv": [0, 0, 16, 16], "texture": "#1"},
				"down": {"uv": [0, 0, 16, 16], "rotation": 270, "texture": "#1"}
			}
		},
		{
			"from": [-6, 4, 7],
			"to": [-4, 6, 9],
			"rotation": {"angle": -22.5, "axis": "y", "origin": [8, 7, 8]},
			"faces": {
				"north": {"uv": [0, 0, 16, 16], "texture": "#1"},
				"south": {"uv": [0, 0, 16, 16], "texture": "#1"},
				"west": {"uv": [0, 0, 16, 16], "texture": "#1"}
			}
		},
		{
			"from": [20, 4, 9],
			"to": [22, 6, 11],
			"rotation": {"angle": -22.5, "axis": "y", "origin": [8, 7, 8]},
			"faces": {
				"east": {"uv": [0, 0, 16, 16], "texture": "#0"},
				"south": {"uv": [0, 0, 16, 16], "texture": "#0"},
				"down": {"uv": [0, 0, 16, 16], "rotation": 270, "texture": "#0"}
			}
		},
		{
			"from": [2, 4, 9],
			"to": [4, 6, 11],
			"rotation": {"angle": -22.5, "axis": "y", "origin": [8, 7, 8]},
			"faces": {
				"south": {"uv": [0, 0, 16, 16], "texture": "#1"},
				"up": {"uv": [0, 0, 16, 16], "rotation": 90, "texture": "#1"}
			}
		},
		{
			"from": [0, 4, 9],
			"to": [2, 6, 11],
			"rotation": {"angle": -22.5, "axis": "y", "origin": [8, 7, 8]},
			"faces": {
				"south": {"uv": [0, 0, 16, 16], "texture": "#1"},
				"west": {"uv": [0, 0, 16, 16], "texture": "#1"},
				"up": {"uv": [0, 0, 16, 16], "rotation": 90, "texture": "#1"},
				"down": {"uv": [0, 0, 16, 16], "rotation": 270, "texture": "#1"}
			}
		},
		{
			"from": [18, 4, 11],
			"to": [20, 6, 13],
			"rotation": {"angle": -22.5, "axis": "y", "origin": [8, 7, 8]},
			"faces": {
				"east": {"uv": [0, 0, 16, 16], "texture": "#0"},
				"south": {"uv": [0, 0, 16, 16], "texture": "#0"},
				"down": {"uv": [0, 0, 16, 16], "rotation": 270, "texture": "#0"}
			}
		},
		{
			"from": [16, 4, 11],
			"to": [18, 6, 13],
			"rotation": {"angle": -22.5, "axis": "y", "origin": [8, 7, 8]},
			"faces": {
				"south": {"uv": [0, 0, 16, 16], "texture": "#0"},
				"down": {"uv": [0, 0, 16, 16], "rotation": 270, "texture": "#0"}
			}
		},
		{
			"from": [14, 4, 11],
			"to": [16, 6, 13],
			"rotation": {"angle": -22.5, "axis": "y", "origin": [8, 7, 8]},
			"faces": {
				"south": {"uv": [0, 0, 16, 16], "texture": "#0"}
			}
		},
		{
			"from": [6, 4, 11],
			"to": [8, 6, 13],
			"rotation": {"angle": -22.5, "axis": "y", "origin": [8, 7, 8]},
			"faces": {
				"south": {"uv": [0, 0, 16, 16], "texture": "#1"},
				"up": {"uv": [0, 0, 16, 16], "rotation": 90, "texture": "#1"}
			}
		},
		{
			"from": [4, 4, 11],
			"to": [6, 6, 13],
			"rotation": {"angle": -22.5, "axis": "y", "origin": [8, 7, 8]},
			"faces": {
				"south": {"uv": [0, 0, 16, 16], "texture": "#1"},
				"west": {"uv": [0, 0, 16, 16], "texture": "#1"},
				"up": {"uv": [0, 0, 16, 16], "rotation": 90, "texture": "#1"},
				"down": {"uv": [0, 0, 16, 16], "rotation": 270, "texture": "#1"}
			}
		},
		{
			"from": [12, 4, 13],
			"to": [14, 6, 15],
			"rotation": {"angle": -22.5, "axis": "y", "origin": [8, 7, 8]},
			"faces": {
				"east": {"uv": [0, 0, 16, 16], "texture": "#1"},
				"south": {"uv": [0, 0, 16, 16], "texture": "#1"},
				"up": {"uv": [0, 0, 16, 16], "rotation": 90, "texture": "#1"},
				"down": {"uv": [0, 0, 16, 16], "rotation": 270, "texture": "#1"}
			}
		},
		{
			"from": [10, 4, 13],
			"to": [12, 6, 15],
			"rotation": {"angle": -22.5, "axis": "y", "origin": [8, 7, 8]},
			"faces": {
				"south": {"uv": [0, 0, 16, 16], "texture": "#1"},
				"up": {"uv": [0, 0, 16, 16], "rotation": 90, "texture": "#1"}
			}
		},
		{
			"from": [8, 4, 13],
			"to": [10, 6, 15],
			"rotation": {"angle": -22.5, "axis": "y", "origin": [8, 7, 8]},
			"faces": {
				"south": {"uv": [0, 0, 16, 16], "texture": "#1"},
				"west": {"uv": [0, 0, 16, 16], "texture": "#1"},
				"up": {"uv": [0, 0, 16, 16], "rotation": 90, "texture": "#1"}
			}
		},
		{
			"from": [20, 6, 3],
			"to": [22, 8, 5],
			"rotation": {"angle": -22.5, "axis": "y", "origin": [8, 7, 8]},
			"faces": {
				"north": {"uv": [0, 0, 16, 16], "texture": "#1"},
				"east": {"uv": [0, 0, 16, 16], "texture": "#1"},
				"up": {"uv": [0, 0, 16, 16], "rotation": 90, "texture": "#1"},
				"down": {"uv": [0, 0, 16, 16], "rotation": 270, "texture": "#1"}
			}
		},
		{
			"from": [18, 6, 3],
			"to": [20, 8, 5],
			"rotation": {"angle": -22.5, "axis": "y", "origin": [8, 7, 8]},
			"faces": {
				"north": {"uv": [0, 0, 16, 16], "texture": "#3"},
				"up": {"uv": [0, 0, 16, 16], "rotation": 90, "texture": "#3"}
			}
		},
		{
			"from": [16, 6, 3],
			"to": [18, 8, 5],
			"rotation": {"angle": -22.5, "axis": "y", "origin": [8, 7, 8]},
			"faces": {
				"north": {"uv": [0, 0, 16, 16], "texture": "#1"},
				"up": {"uv": [0, 0, 16, 16], "rotation": 90, "texture": "#1"}
			}
		},
		{
			"from": [14, 6, 3],
			"to": [16, 8, 5],
			"rotation": {"angle": -22.5, "axis": "y", "origin": [8, 7, 8]},
			"faces": {
				"north": {"uv": [0, 0, 16, 16], "texture": "#1"},
				"up": {"uv": [0, 0, 16, 16], "rotation": 90, "texture": "#1"}
			}
		},
		{
			"from": [12, 6, 3],
			"to": [14, 8, 5],
			"rotation": {"angle": -22.5, "axis": "y", "origin": [8, 7, 8]},
			"faces": {
				"north": {"uv": [0, 0, 16, 16], "texture": "#1"},
				"up": {"uv": [0, 0, 16, 16], "rotation": 90, "texture": "#1"}
			}
		},
		{
			"from": [10, 6, 3],
			"to": [12, 8, 5],
			"rotation": {"angle": -22.5, "axis": "y", "origin": [8, 7, 8]},
			"faces": {
				"north": {"uv": [0, 0, 16, 16], "texture": "#1"},
				"up": {"uv": [0, 0, 16, 16], "rotation": 90, "texture": "#1"}
			}
		},
		{
			"from": [8, 6, 3],
			"to": [10, 8, 5],
			"rotation": {"angle": -22.5, "axis": "y", "origin": [8, 7, 8]},
			"faces": {
				"north": {"uv": [0, 0, 16, 16], "texture": "#1"},
				"west": {"uv": [0, 0, 16, 16], "texture": "#1"},
				"up": {"uv": [0, 0, 16, 16], "rotation": 90, "texture": "#1"}
			}
		},
		{
			"from": [22, 6, 5],
			"to": [24, 8, 7],
			"rotation": {"angle": -22.5, "axis": "y", "origin": [8, 7, 8]},
			"faces": {
				"north": {"uv": [0, 0, 16, 16], "texture": "#1"},
				"east": {"uv": [0, 0, 16, 16], "texture": "#1"},
				"up": {"uv": [0, 0, 16, 16], "rotation": 90, "texture": "#1"},
				"down": {"uv": [0, 0, 16, 16], "rotation": 270, "texture": "#1"}
			}
		},
		{
			"from": [8, 6, 5],
			"to": [10, 8, 7],
			"rotation": {"angle": -22.5, "axis": "y", "origin": [8, 7, 8]},
			"faces": {
				"up": {"uv": [0, 0, 16, 16], "rotation": 90, "texture": "#1"}
			}
		},
		{
			"from": [6, 6, 5],
			"to": [8, 8, 7],
			"rotation": {"angle": -22.5, "axis": "y", "origin": [8, 7, 8]},
			"faces": {
				"north": {"uv": [0, 0, 16, 16], "texture": "#1"},
				"up": {"uv": [0, 0, 16, 16], "rotation": 90, "texture": "#1"}
			}
		},
		{
			"from": [4, 6, 5],
			"to": [6, 8, 7],
			"rotation": {"angle": -22.5, "axis": "y", "origin": [8, 7, 8]},
			"faces": {
				"north": {"uv": [0, 0, 16, 16], "texture": "#1"},
				"west": {"uv": [0, 0, 16, 16], "texture": "#1"},
				"up": {"uv": [0, 0, 16, 16], "rotation": 90, "texture": "#1"}
			}
		},
		{
			"from": [22, 6, 7],
			"to": [24, 8, 9],
			"rotation": {"angle": -22.5, "axis": "y", "origin": [8, 7, 8]},
			"faces": {
				"east": {"uv": [0, 0, 16, 16], "texture": "#1"}
			}
		},
		{
			"from": [6, 6, 7],
			"to": [8, 8, 9],
			"rotation": {"angle": -22.5, "axis": "y", "origin": [8, 7, 8]},
			"faces": {
				"up": {"uv": [0, 0, 16, 16], "rotation": 90, "texture": "#1"}
			}
		},
		{
			"from": [4, 6, 7],
			"to": [6, 8, 9],
			"rotation": {"angle": -22.5, "axis": "y", "origin": [8, 7, 8]},
			"faces": {
				"up": {"uv": [0, 0, 16, 16], "rotation": 90, "texture": "#1"}
			}
		},
		{
			"from": [2, 6, 7],
			"to": [4, 8, 9],
			"rotation": {"angle": -22.5, "axis": "y", "origin": [8, 7, 8]},
			"faces": {
				"north": {"uv": [0, 0, 16, 16], "texture": "#1"},
				"south": {"uv": [0, 0, 16, 16], "texture": "#1"}
			}
		},
		{
			"from": [0, 6, 7],
			"to": [2, 8, 9],
			"rotation": {"angle": -22.5, "axis": "y", "origin": [8, 7, 8]},
			"faces": {
				"north": {"uv": [0, 0, 16, 16], "texture": "#1"},
				"south": {"uv": [0, 0, 16, 16], "texture": "#1"}
			}
		},
		{
			"from": [-2, 6, 7],
			"to": [0, 8, 9],
			"rotation": {"angle": -22.5, "axis": "y", "origin": [8, 7, 8]},
			"faces": {
				"north": {"uv": [0, 0, 16, 16], "texture": "#1"},
				"south": {"uv": [0, 0, 16, 16], "texture": "#1"},
				"up": {"uv": [0, 0, 16, 16], "rotation": 90, "texture": "#1"}
			}
		},
		{
			"from": [-4, 6, 7],
			"to": [-2, 8, 9],
			"rotation": {"angle": -22.5, "axis": "y", "origin": [8, 7, 8]},
			"faces": {
				"north": {"uv": [0, 0, 16, 16], "texture": "#1"},
				"south": {"uv": [0, 0, 16, 16], "texture": "#1"},
				"up": {"uv": [0, 0, 16, 16], "rotation": 90, "texture": "#1"}
			}
		},
		{
			"from": [-6, 6, 7],
			"to": [-4, 8, 9],
			"rotation": {"angle": -22.5, "axis": "y", "origin": [8, 7, 8]},
			"faces": {
				"north": {"uv": [0, 0, 16, 16], "texture": "#1"},
				"south": {"uv": [0, 0, 16, 16], "texture": "#1"},
				"west": {"uv": [0, 0, 16, 16], "texture": "#1"}
			}
		},
		{
			"from": [22, 6, 9],
			"to": [24, 8, 11],
			"rotation": {"angle": -22.5, "axis": "y", "origin": [8, 7, 8]},
			"faces": {
				"east": {"uv": [0, 0, 16, 16], "texture": "#1"},
				"south": {"uv": [0, 0, 16, 16], "texture": "#1"},
				"up": {"uv": [0, 0, 16, 16], "rotation": 90, "texture": "#1"},
				"down": {"uv": [0, 0, 16, 16], "rotation": 270, "texture": "#1"}
			}
		},
		{
			"from": [8, 6, 9],
			"to": [10, 8, 11],
			"rotation": {"angle": -22.5, "axis": "y", "origin": [8, 7, 8]},
			"faces": {
				"up": {"uv": [0, 0, 16, 16], "rotation": 90, "texture": "#1"}
			}
		},
		{
			"from": [6, 6, 9],
			"to": [8, 8, 11],
			"rotation": {"angle": -22.5, "axis": "y", "origin": [8, 7, 8]},
			"faces": {
				"south": {"uv": [0, 0, 16, 16], "texture": "#1"},
				"up": {"uv": [0, 0, 16, 16], "rotation": 90, "texture": "#1"}
			}
		},
		{
			"from": [4, 6, 9],
			"to": [6, 8, 11],
			"rotation": {"angle": -22.5, "axis": "y", "origin": [8, 7, 8]},
			"faces": {
				"south": {"uv": [0, 0, 16, 16], "texture": "#1"},
				"west": {"uv": [0, 0, 16, 16], "texture": "#1"},
				"up": {"uv": [0, 0, 16, 16], "rotation": 90, "texture": "#1"}
			}
		},
		{
			"from": [20, 6, 11],
			"to": [22, 8, 13],
			"rotation": {"angle": -22.5, "axis": "y", "origin": [8, 7, 8]},
			"faces": {
				"east": {"uv": [0, 0, 16, 16], "texture": "#1"},
				"south": {"uv": [0, 0, 16, 16], "texture": "#1"},
				"up": {"uv": [0, 0, 16, 16], "rotation": 90, "texture": "#1"},
				"down": {"uv": [0, 0, 16, 16], "rotation": 270, "texture": "#1"}
			}
		},
		{
			"from": [18, 6, 11],
			"to": [20, 8, 13],
			"rotation": {"angle": -22.5, "axis": "y", "origin": [8, 7, 8]},
			"faces": {
				"south": {"uv": [0, 0, 16, 16], "texture": "#3"},
				"up": {"uv": [0, 0, 16, 16], "rotation": 90, "texture": "#3"}
			}
		},
		{
			"from": [16, 6, 11],
			"to": [18, 8, 13],
			"rotation": {"angle": -22.5, "axis": "y", "origin": [8, 7, 8]},
			"faces": {
				"south": {"uv": [0, 0, 16, 16], "texture": "#1"},
				"up": {"uv": [0, 0, 16, 16], "rotation": 90, "texture": "#1"}
			}
		},
		{
			"from": [14, 6, 11],
			"to": [16, 8, 13],
			"rotation": {"angle": -22.5, "axis": "y", "origin": [8, 7, 8]},
			"faces": {
				"south": {"uv": [0, 0, 16, 16], "texture": "#1"},
				"up": {"uv": [0, 0, 16, 16], "rotation": 90, "texture": "#1"}
			}
		},
		{
			"from": [12, 6, 11],
			"to": [14, 8, 13],
			"rotation": {"angle": -22.5, "axis": "y", "origin": [8, 7, 8]},
			"faces": {
				"south": {"uv": [0, 0, 16, 16], "texture": "#1"},
				"up": {"uv": [0, 0, 16, 16], "rotation": 90, "texture": "#1"}
			}
		},
		{
			"from": [10, 6, 11],
			"to": [12, 8, 13],
			"rotation": {"angle": -22.5, "axis": "y", "origin": [8, 7, 8]},
			"faces": {
				"south": {"uv": [0, 0, 16, 16], "texture": "#1"},
				"up": {"uv": [0, 0, 16, 16], "rotation": 90, "texture": "#1"}
			}
		},
		{
			"from": [8, 6, 11],
			"to": [10, 8, 13],
			"rotation": {"angle": -22.5, "axis": "y", "origin": [8, 7, 8]},
			"faces": {
				"south": {"uv": [0, 0, 16, 16], "texture": "#1"},
				"west": {"uv": [0, 0, 16, 16], "texture": "#1"},
				"up": {"uv": [0, 0, 16, 16], "rotation": 90, "texture": "#1"}
			}
		},
		{
			"from": [20, 8, 5],
			"to": [22, 10, 7],
			"rotation": {"angle": -22.5, "axis": "y", "origin": [8, 7, 8]},
			"faces": {
				"north": {"uv": [0, 0, 16, 16], "texture": "#1"},
				"east": {"uv": [0, 0, 16, 16], "texture": "#1"},
				"up": {"uv": [0, 0, 16, 16], "rotation": 90, "texture": "#1"}
			}
		},
		{
			"from": [18, 8, 5],
			"to": [20, 10, 7],
			"rotation": {"angle": -22.5, "axis": "y", "origin": [8, 7, 8]},
			"faces": {
				"north": {"uv": [0, 0, 16, 16], "texture": "#1"},
				"up": {"uv": [0, 0, 16, 16], "rotation": 90, "texture": "#1"}
			}
		},
		{
			"from": [16, 8, 5],
			"to": [18, 10, 7],
			"rotation": {"angle": -22.5, "axis": "y", "origin": [8, 7, 8]},
			"faces": {
				"north": {"uv": [0, 0, 16, 16], "texture": "#1"},
				"up": {"uv": [0, 0, 16, 16], "rotation": 90, "texture": "#1"}
			}
		},
		{
			"from": [14, 8, 5],
			"to": [16, 10, 7],
			"rotation": {"angle": -22.5, "axis": "y", "origin": [8, 7, 8]},
			"faces": {
				"north": {"uv": [0, 0, 16, 16], "texture": "#1"},
				"up": {"uv": [0, 0, 16, 16], "rotation": 90, "texture": "#1"}
			}
		},
		{
			"from": [12, 8, 5],
			"to": [14, 10, 7],
			"rotation": {"angle": -22.5, "axis": "y", "origin": [8, 7, 8]},
			"faces": {
				"north": {"uv": [0, 0, 16, 16], "texture": "#1"},
				"up": {"uv": [0, 0, 16, 16], "rotation": 90, "texture": "#1"}
			}
		},
		{
			"from": [10, 8, 5],
			"to": [12, 10, 7],
			"rotation": {"angle": -22.5, "axis": "y", "origin": [8, 7, 8]},
			"faces": {
				"north": {"uv": [0, 0, 16, 16], "texture": "#1"},
				"west": {"uv": [0, 0, 16, 16], "texture": "#1"},
				"up": {"uv": [0, 0, 16, 16], "rotation": 90, "texture": "#1"}
			}
		},
		{
			"from": [22, 8, 7],
			"to": [24, 10, 9],
			"rotation": {"angle": -22.5, "axis": "y", "origin": [8, 7, 8]},
			"faces": {
				"north": {"uv": [0, 0, 16, 16], "texture": "#1"},
				"east": {"uv": [0, 0, 16, 16], "texture": "#1"},
				"south": {"uv": [0, 0, 16, 16], "texture": "#1"},
				"up": {"uv": [0, 0, 16, 16], "rotation": 90, "texture": "#1"}
			}
		},
		{
			"from": [20, 8, 7],
			"to": [22, 10, 9],
			"rotation": {"angle": -22.5, "axis": "y", "origin": [8, 7, 8]},
			"faces": {
				"up": {"uv": [0, 0, 16, 16], "rotation": 90, "texture": "#1"}
			}
		},
		{
			"from": [18, 8, 7],
			"to": [20, 10, 9],
			"rotation": {"angle": -22.5, "axis": "y", "origin": [8, 7, 8]},
			"faces": {
				"up": {"uv": [0, 0, 16, 16], "rotation": 90, "texture": "#1"}
			}
		},
		{
			"from": [16, 8, 7],
			"to": [18, 10, 9],
			"rotation": {"angle": -22.5, "axis": "y", "origin": [8, 7, 8]},
			"faces": {
				"up": {"uv": [0, 0, 16, 16], "rotation": 90, "texture": "#1"}
			}
		},
		{
			"from": [8, 8, 7],
			"to": [10, 10, 9],
			"rotation": {"angle": -22.5, "axis": "y", "origin": [8, 7, 8]},
			"faces": {
				"north": {"uv": [0, 0, 16, 16], "texture": "#1"},
				"south": {"uv": [0, 0, 16, 16], "texture": "#1"},
				"west": {"uv": [0, 0, 16, 16], "texture": "#1"}
			}
		},
		{
			"from": [2, 8, 7],
			"to": [4, 10, 9],
			"rotation": {"angle": -22.5, "axis": "y", "origin": [8, 7, 8]},
			"faces": {
				"north": {"uv": [0, 0, 16, 16], "texture": "#1"},
				"east": {"uv": [0, 0, 16, 16], "texture": "#1"},
				"south": {"uv": [0, 0, 16, 16], "texture": "#1"},
				"up": {"uv": [0, 0, 16, 16], "rotation": 90, "texture": "#1"}
			}
		},
		{
			"from": [0, 8, 7],
			"to": [2, 10, 9],
			"rotation": {"angle": -22.5, "axis": "y", "origin": [8, 7, 8]},
			"faces": {
				"north": {"uv": [0, 0, 16, 16], "texture": "#1"},
				"south": {"uv": [0, 0, 16, 16], "texture": "#1"},
				"west": {"uv": [0, 0, 16, 16], "texture": "#1"},
				"up": {"uv": [0, 0, 16, 16], "rotation": 90, "texture": "#1"}
			}
		},
		{
			"from": [-6, 8, 7],
			"to": [-4, 10, 9],
			"rotation": {"angle": -22.5, "axis": "y", "origin": [8, 7, 8]},
			"faces": {
				"north": {"uv": [0, 0, 16, 16], "texture": "#1"},
				"east": {"uv": [0, 0, 16, 16], "texture": "#1"},
				"south": {"uv": [0, 0, 16, 16], "texture": "#1"},
				"up": {"uv": [0, 0, 16, 16], "rotation": 90, "texture": "#1"}
			}
		},
		{
			"from": [-8, 8, 7],
			"to": [-6, 10, 9],
			"rotation": {"angle": -22.5, "axis": "y", "origin": [8, 7, 8]},
			"faces": {
				"north": {"uv": [0, 0, 16, 16], "texture": "#1"},
				"south": {"uv": [0, 0, 16, 16], "texture": "#1"},
				"west": {"uv": [0, 0, 16, 16], "texture": "#1"},
				"down": {"uv": [0, 0, 16, 16], "rotation": 270, "texture": "#1"}
			}
		},
		{
			"from": [20, 8, 9],
			"to": [22, 10, 11],
			"rotation": {"angle": -22.5, "axis": "y", "origin": [8, 7, 8]},
			"faces": {
				"east": {"uv": [0, 0, 16, 16], "texture": "#1"},
				"south": {"uv": [0, 0, 16, 16], "texture": "#1"},
				"up": {"uv": [0, 0, 16, 16], "rotation": 90, "texture": "#1"}
			}
		},
		{
			"from": [18, 8, 9],
			"to": [20, 10, 11],
			"rotation": {"angle": -22.5, "axis": "y", "origin": [8, 7, 8]},
			"faces": {
				"south": {"uv": [0, 0, 16, 16], "texture": "#1"},
				"up": {"uv": [0, 0, 16, 16], "rotation": 90, "texture": "#1"}
			}
		},
		{
			"from": [16, 8, 9],
			"to": [18, 10, 11],
			"rotation": {"angle": -22.5, "axis": "y", "origin": [8, 7, 8]},
			"faces": {
				"south": {"uv": [0, 0, 16, 16], "texture": "#1"},
				"up": {"uv": [0, 0, 16, 16], "rotation": 90, "texture": "#1"}
			}
		},
		{
			"from": [14, 8, 9],
			"to": [16, 10, 11],
			"rotation": {"angle": -22.5, "axis": "y", "origin": [8, 7, 8]},
			"faces": {
				"south": {"uv": [0, 0, 16, 16], "texture": "#1"},
				"up": {"uv": [0, 0, 16, 16], "rotation": 90, "texture": "#1"}
			}
		},
		{
			"from": [12, 8, 9],
			"to": [14, 10, 11],
			"rotation": {"angle": -22.5, "axis": "y", "origin": [8, 7, 8]},
			"faces": {
				"south": {"uv": [0, 0, 16, 16], "texture": "#1"},
				"up": {"uv": [0, 0, 16, 16], "rotation": 90, "texture": "#1"}
			}
		},
		{
			"from": [10, 8, 9],
			"to": [12, 10, 11],
			"rotation": {"angle": -22.5, "axis": "y", "origin": [8, 7, 8]},
			"faces": {
				"south": {"uv": [0, 0, 16, 16], "texture": "#1"},
				"west": {"uv": [0, 0, 16, 16], "texture": "#1"},
				"up": {"uv": [0, 0, 16, 16], "rotation": 90, "texture": "#1"}
			}
		},
		{
			"from": [14, 10, 7],
			"to": [16, 12, 9],
			"rotation": {"angle": -22.5, "axis": "y", "origin": [8, 7, 8]},
			"faces": {
				"north": {"uv": [0, 0, 16, 16], "texture": "#1"},
				"east": {"uv": [0, 0, 16, 16], "texture": "#1"},
				"south": {"uv": [0, 0, 16, 16], "texture": "#1"},
				"up": {"uv": [0, 0, 16, 16], "rotation": 90, "texture": "#1"}
			}
		},
		{
			"from": [12, 10, 7],
			"to": [14, 12, 9],
			"rotation": {"angle": -22.5, "axis": "y", "origin": [8, 7, 8]},
			"faces": {
				"north": {"uv": [0, 0, 16, 16], "texture": "#1"},
				"south": {"uv": [0, 0, 16, 16], "texture": "#1"},
				"up": {"uv": [0, 0, 16, 16], "rotation": 90, "texture": "#1"}
			}
		},
		{
			"from": [10, 10, 7],
			"to": [12, 12, 9],
			"rotation": {"angle": -22.5, "axis": "y", "origin": [8, 7, 8]},
			"faces": {
				"north": {"uv": [0, 0, 16, 16], "texture": "#1"},
				"south": {"uv": [0, 0, 16, 16], "texture": "#1"}
			}
		},
		{
			"from": [8, 10, 7],
			"to": [10, 12, 9],
			"rotation": {"angle": -22.5, "axis": "y", "origin": [8, 7, 8]},
			"faces": {
				"north": {"uv": [0, 0, 16, 16], "texture": "#1"},
				"south": {"uv": [0, 0, 16, 16], "texture": "#1"},
				"west": {"uv": [0, 0, 16, 16], "texture": "#1"}
			}
		},
		{
			"from": [-8, 10, 7],
			"to": [-6, 12, 9],
			"rotation": {"angle": -22.5, "axis": "y", "origin": [8, 7, 8]},
			"faces": {
				"north": {"uv": [0, 0, 16, 16], "texture": "#1"},
				"east": {"uv": [0, 0, 16, 16], "texture": "#1"},
				"south": {"uv": [0, 0, 16, 16], "texture": "#1"},
				"west": {"uv": [0, 0, 16, 16], "texture": "#1"},
				"up": {"uv": [0, 0, 16, 16], "rotation": 90, "texture": "#1"}
			}
		},
		{
			"from": [10, 12, 7],
			"to": [12, 14, 9],
			"rotation": {"angle": -22.5, "axis": "y", "origin": [8, 7, 8]},
			"faces": {
				"north": {"uv": [0, 0, 16, 16], "texture": "#1"},
				"east": {"uv": [0, 0, 16, 16], "texture": "#1"},
				"south": {"uv": [0, 0, 16, 16], "texture": "#1"},
				"up": {"uv": [0, 0, 16, 16], "rotation": 90, "texture": "#1"}
			}
		},
		{
			"from": [8, 12, 7],
			"to": [10, 14, 9],
			"rotation": {"angle": -22.5, "axis": "y", "origin": [8, 7, 8]},
			"faces": {
				"north": {"uv": [0, 0, 16, 16], "texture": "#1"},
				"south": {"uv": [0, 0, 16, 16], "texture": "#1"},
				"west": {"uv": [0, 0, 16, 16], "texture": "#1"},
				"up": {"uv": [0, 0, 16, 16], "rotation": 90, "texture": "#1"}
			}
		}
	],
	"display": {
		"thirdperson_righthand": {
			"rotation": [-13, 142, 3],
			"translation": [0, 6.25, -2.25]
		},
		"thirdperson_lefthand": {
			"rotation": [-13, 142, 3],
			"translation": [0, 6.25, -2.25]
		},
		"firstperson_righthand": {
			"rotation": [35, 62, 0],
			"translation": [5, 4.25, 0]
		},
		"firstperson_lefthand": {
			"rotation": [35, 62, 0],
			"translation": [5, 4.25, 0]
		},
		"ground": {
			"translation": [0, 7, 0]
		},
		"gui": {
			"rotation": [50, 56, -40],
			"translation": [1.75, 5, 0]
		},
		"head": {
			"translation": [0, 22.25, 9.25],
			"scale": [4, 4, 4]
		},
		"fixed": {
			"rotation": [0, 90, 0],
			"translation": [0, 4.75, 0]
		}
	}
}