{
  "parent": "minecraft:item/generated",
  "textures": {
    "layer0": "minecraft:item/cauldron"
  },
  "overrides": [
		{ "predicate": {  "custom_model_data": 1 }, "model": "item/accelerator_ring_large"},
    { "predicate": {  "custom_model_data": 2 }, "model": "item/accelerator_ring"},
    { "predicate": {  "custom_model_data": 3 }, "model": "item/accelerator_ring_flipped"},
    { "predicate": {  "custom_model_data": 4 }, "model": "item/collider_spinny_thing"},
    { "predicate": {  "custom_model_data": 5 }, "model": "item/collider_barrel_outer"},
    { "predicate": {  "custom_model_data": 6 }, "model": "item/collider_barrel_middle"},
    { "predicate": {  "custom_model_data": 7 }, "model": "item/collider_barrel_tip"},
    { "predicate": {  "custom_model_data": 8 }, "model": "item/collider_barrel_interior"}
	]
}