{
	"credit": "Made with Blockbench",
	"textures": {
		"0": "block/cyan_terracotta",
		"1": "block/gray_concrete",
		"2": "block/polished_blackstone",
		"particle": "block/cyan_terracotta"
	},
	"elements": [
		{
			"from": [5, 1, 5],
			"to": [6, 2, 6],
			"faces": {
				"north": {"uv": [0, 0, 16, 16], "texture": "#0"},
				"west": {"uv": [0, 0, 16, 16], "texture": "#0"},
				"down": {"uv": [0, 0, 16, 16], "texture": "#0"}
			}
		},
		{
			"from": [5, 1, 6],
			"to": [6, 2, 7],
			"faces": {
				"west": {"uv": [0, 0, 16, 16], "texture": "#1"},
				"up": {"uv": [0, 0, 16, 16], "texture": "#1"},
				"down": {"uv": [0, 0, 16, 16], "texture": "#1"}
			}
		},
		{
			"from": [5, 1, 7],
			"to": [6, 2, 8],
			"faces": {
				"west": {"uv": [0, 0, 16, 16], "texture": "#1"},
				"up": {"uv": [0, 0, 16, 16], "texture": "#1"},
				"down": {"uv": [0, 0, 16, 16], "texture": "#1"}
			}
		},
		{
			"from": [5, 1, 8],
			"to": [6, 2, 9],
			"faces": {
				"west": {"uv": [0, 0, 16, 16], "texture": "#1"},
				"up": {"uv": [0, 0, 16, 16], "texture": "#1"},
				"down": {"uv": [0, 0, 16, 16], "texture": "#1"}
			}
		},
		{
			"from": [5, 1, 9],
			"to": [6, 2, 10],
			"faces": {
				"west": {"uv": [0, 0, 16, 16], "texture": "#1"},
				"up": {"uv": [0, 0, 16, 16], "texture": "#1"},
				"down": {"uv": [0, 0, 16, 16], "texture": "#1"}
			}
		},
		{
			"from": [5, 1, 10],
			"to": [6, 2, 11],
			"faces": {
				"west": {"uv": [0, 0, 16, 16], "texture": "#1"},
				"up": {"uv": [0, 0, 16, 16], "texture": "#1"},
				"down": {"uv": [0, 0, 16, 16], "texture": "#1"}
			}
		},
		{
			"from": [5, 1, 11],
			"to": [6, 2, 12],
			"faces": {
				"south": {"uv": [0, 0, 16, 16], "texture": "#1"},
				"west": {"uv": [0, 0, 16, 16], "texture": "#1"},
				"up": {"uv": [0, 0, 16, 16], "texture": "#1"},
				"down": {"uv": [0, 0, 16, 16], "texture": "#1"}
			}
		},
		{
			"from": [6, 1, 5],
			"to": [7, 2, 6],
			"faces": {
				"north": {"uv": [0, 0, 16, 16], "texture": "#0"},
				"down": {"uv": [0, 0, 16, 16], "texture": "#0"}
			}
		},
		{
			"from": [6, 1, 6],
			"to": [7, 2, 7],
			"faces": {
				"up": {"uv": [0, 0, 16, 16], "texture": "#1"},
				"down": {"uv": [0, 0, 16, 16], "texture": "#1"}
			}
		},
		{
			"from": [6, 1, 7],
			"to": [7, 2, 8],
			"faces": {
				"up": {"uv": [0, 0, 16, 16], "texture": "#1"},
				"down": {"uv": [0, 0, 16, 16], "texture": "#1"}
			}
		},
		{
			"from": [6, 1, 8],
			"to": [7, 2, 9],
			"faces": {
				"up": {"uv": [0, 0, 16, 16], "texture": "#1"},
				"down": {"uv": [0, 0, 16, 16], "texture": "#1"}
			}
		},
		{
			"from": [6, 1, 9],
			"to": [7, 2, 10],
			"faces": {
				"up": {"uv": [0, 0, 16, 16], "texture": "#1"},
				"down": {"uv": [0, 0, 16, 16], "texture": "#1"}
			}
		},
		{
			"from": [6, 1, 10],
			"to": [7, 2, 11],
			"faces": {
				"up": {"uv": [0, 0, 16, 16], "texture": "#1"},
				"down": {"uv": [0, 0, 16, 16], "texture": "#1"}
			}
		},
		{
			"from": [6, 1, 11],
			"to": [7, 2, 12],
			"faces": {
				"south": {"uv": [0, 0, 16, 16], "texture": "#1"},
				"up": {"uv": [0, 0, 16, 16], "texture": "#1"},
				"down": {"uv": [0, 0, 16, 16], "texture": "#1"}
			}
		},
		{
			"from": [7, 1, 5],
			"to": [8, 2, 6],
			"faces": {
				"north": {"uv": [0, 0, 16, 16], "texture": "#0"},
				"down": {"uv": [0, 0, 16, 16], "texture": "#0"}
			}
		},
		{
			"from": [7, 1, 6],
			"to": [8, 2, 7],
			"faces": {
				"up": {"uv": [0, 0, 16, 16], "texture": "#1"},
				"down": {"uv": [0, 0, 16, 16], "texture": "#1"}
			}
		},
		{
			"from": [7, 1, 7],
			"to": [8, 2, 8],
			"faces": {
				"up": {"uv": [0, 0, 16, 16], "texture": "#1"},
				"down": {"uv": [0, 0, 16, 16], "texture": "#1"}
			}
		},
		{
			"from": [7, 1, 8],
			"to": [8, 2, 9],
			"faces": {
				"up": {"uv": [0, 0, 16, 16], "texture": "#1"},
				"down": {"uv": [0, 0, 16, 16], "texture": "#1"}
			}
		},
		{
			"from": [7, 1, 9],
			"to": [8, 2, 10],
			"faces": {
				"up": {"uv": [0, 0, 16, 16], "texture": "#1"},
				"down": {"uv": [0, 0, 16, 16], "texture": "#1"}
			}
		},
		{
			"from": [7, 1, 10],
			"to": [8, 2, 11],
			"faces": {
				"up": {"uv": [0, 0, 16, 16], "texture": "#1"},
				"down": {"uv": [0, 0, 16, 16], "texture": "#1"}
			}
		},
		{
			"from": [7, 1, 11],
			"to": [8, 2, 12],
			"faces": {
				"south": {"uv": [0, 0, 16, 16], "texture": "#1"},
				"up": {"uv": [0, 0, 16, 16], "texture": "#1"},
				"down": {"uv": [0, 0, 16, 16], "texture": "#1"}
			}
		},
		{
			"from": [8, 1, 5],
			"to": [9, 2, 6],
			"faces": {
				"north": {"uv": [0, 0, 16, 16], "texture": "#0"},
				"down": {"uv": [0, 0, 16, 16], "texture": "#0"}
			}
		},
		{
			"from": [8, 1, 6],
			"to": [9, 2, 7],
			"faces": {
				"up": {"uv": [0, 0, 16, 16], "texture": "#1"},
				"down": {"uv": [0, 0, 16, 16], "texture": "#1"}
			}
		},
		{
			"from": [8, 1, 7],
			"to": [9, 2, 8],
			"faces": {
				"up": {"uv": [0, 0, 16, 16], "texture": "#1"},
				"down": {"uv": [0, 0, 16, 16], "texture": "#1"}
			}
		},
		{
			"from": [8, 1, 8],
			"to": [9, 2, 9],
			"faces": {
				"up": {"uv": [0, 0, 16, 16], "texture": "#1"},
				"down": {"uv": [0, 0, 16, 16], "texture": "#1"}
			}
		},
		{
			"from": [8, 1, 9],
			"to": [9, 2, 10],
			"faces": {
				"up": {"uv": [0, 0, 16, 16], "texture": "#1"},
				"down": {"uv": [0, 0, 16, 16], "texture": "#1"}
			}
		},
		{
			"from": [8, 1, 10],
			"to": [9, 2, 11],
			"faces": {
				"up": {"uv": [0, 0, 16, 16], "texture": "#1"},
				"down": {"uv": [0, 0, 16, 16], "texture": "#1"}
			}
		},
		{
			"from": [8, 1, 11],
			"to": [9, 2, 12],
			"faces": {
				"south": {"uv": [0, 0, 16, 16], "texture": "#1"},
				"up": {"uv": [0, 0, 16, 16], "texture": "#1"},
				"down": {"uv": [0, 0, 16, 16], "texture": "#1"}
			}
		},
		{
			"from": [9, 1, 5],
			"to": [10, 2, 6],
			"faces": {
				"north": {"uv": [0, 0, 16, 16], "texture": "#0"},
				"east": {"uv": [0, 0, 16, 16], "texture": "#0"},
				"down": {"uv": [0, 0, 16, 16], "texture": "#0"}
			}
		},
		{
			"from": [9, 1, 6],
			"to": [10, 2, 7],
			"faces": {
				"east": {"uv": [0, 0, 16, 16], "texture": "#1"},
				"up": {"uv": [0, 0, 16, 16], "texture": "#1"},
				"down": {"uv": [0, 0, 16, 16], "texture": "#1"}
			}
		},
		{
			"from": [9, 1, 7],
			"to": [10, 2, 8],
			"faces": {
				"east": {"uv": [0, 0, 16, 16], "texture": "#1"},
				"up": {"uv": [0, 0, 16, 16], "texture": "#1"},
				"down": {"uv": [0, 0, 16, 16], "texture": "#1"}
			}
		},
		{
			"from": [9, 1, 8],
			"to": [10, 2, 9],
			"faces": {
				"east": {"uv": [0, 0, 16, 16], "texture": "#1"},
				"up": {"uv": [0, 0, 16, 16], "texture": "#1"},
				"down": {"uv": [0, 0, 16, 16], "texture": "#1"}
			}
		},
		{
			"from": [9, 1, 9],
			"to": [10, 2, 10],
			"faces": {
				"east": {"uv": [0, 0, 16, 16], "texture": "#1"},
				"up": {"uv": [0, 0, 16, 16], "texture": "#1"},
				"down": {"uv": [0, 0, 16, 16], "texture": "#1"}
			}
		},
		{
			"from": [9, 1, 10],
			"to": [10, 2, 11],
			"faces": {
				"east": {"uv": [0, 0, 16, 16], "texture": "#1"},
				"up": {"uv": [0, 0, 16, 16], "texture": "#1"},
				"down": {"uv": [0, 0, 16, 16], "texture": "#1"}
			}
		},
		{
			"from": [9, 1, 11],
			"to": [10, 2, 12],
			"faces": {
				"east": {"uv": [0, 0, 16, 16], "texture": "#1"},
				"south": {"uv": [0, 0, 16, 16], "texture": "#1"},
				"up": {"uv": [0, 0, 16, 16], "texture": "#1"},
				"down": {"uv": [0, 0, 16, 16], "texture": "#1"}
			}
		},
		{
			"from": [4, 2, 5],
			"to": [5, 3, 6],
			"faces": {
				"north": {"uv": [0, 0, 16, 16], "texture": "#0"},
				"west": {"uv": [0, 0, 16, 16], "texture": "#0"},
				"down": {"uv": [0, 0, 16, 16], "texture": "#0"}
			}
		},
		{
			"from": [4, 2, 6],
			"to": [5, 3, 7],
			"faces": {
				"east": {"uv": [0, 0, 16, 16], "texture": "#1"},
				"west": {"uv": [0, 0, 16, 16], "texture": "#1"},
				"up": {"uv": [0, 0, 16, 16], "texture": "#1"},
				"down": {"uv": [0, 0, 16, 16], "texture": "#1"}
			}
		},
		{
			"from": [4, 2, 7],
			"to": [5, 3, 8],
			"faces": {
				"east": {"uv": [0, 0, 16, 16], "texture": "#1"},
				"west": {"uv": [0, 0, 16, 16], "texture": "#1"},
				"up": {"uv": [0, 0, 16, 16], "texture": "#1"},
				"down": {"uv": [0, 0, 16, 16], "texture": "#1"}
			}
		},
		{
			"from": [4, 2, 8],
			"to": [5, 3, 9],
			"faces": {
				"east": {"uv": [0, 0, 16, 16], "texture": "#1"},
				"west": {"uv": [0, 0, 16, 16], "texture": "#1"},
				"up": {"uv": [0, 0, 16, 16], "texture": "#1"},
				"down": {"uv": [0, 0, 16, 16], "texture": "#1"}
			}
		},
		{
			"from": [4, 2, 9],
			"to": [5, 3, 10],
			"faces": {
				"east": {"uv": [0, 0, 16, 16], "texture": "#1"},
				"west": {"uv": [0, 0, 16, 16], "texture": "#1"},
				"up": {"uv": [0, 0, 16, 16], "texture": "#1"},
				"down": {"uv": [0, 0, 16, 16], "texture": "#1"}
			}
		},
		{
			"from": [4, 2, 10],
			"to": [5, 3, 11],
			"faces": {
				"east": {"uv": [0, 0, 16, 16], "texture": "#1"},
				"west": {"uv": [0, 0, 16, 16], "texture": "#1"},
				"up": {"uv": [0, 0, 16, 16], "texture": "#1"},
				"down": {"uv": [0, 0, 16, 16], "texture": "#1"}
			}
		},
		{
			"from": [4, 2, 11],
			"to": [5, 3, 12],
			"faces": {
				"east": {"uv": [0, 0, 16, 16], "texture": "#1"},
				"south": {"uv": [0, 0, 16, 16], "texture": "#1"},
				"west": {"uv": [0, 0, 16, 16], "texture": "#1"},
				"up": {"uv": [0, 0, 16, 16], "texture": "#1"},
				"down": {"uv": [0, 0, 16, 16], "texture": "#1"}
			}
		},
		{
			"from": [5, 2, 5],
			"to": [6, 3, 6],
			"faces": {
				"north": {"uv": [0, 0, 16, 16], "texture": "#0"},
				"south": {"uv": [0, 0, 16, 16], "texture": "#0"},
				"up": {"uv": [0, 0, 16, 16], "texture": "#0"}
			}
		},
		{
			"from": [6, 2, 5],
			"to": [7, 3, 6],
			"faces": {
				"north": {"uv": [0, 0, 16, 16], "texture": "#0"},
				"south": {"uv": [0, 0, 16, 16], "texture": "#0"},
				"up": {"uv": [0, 0, 16, 16], "texture": "#0"}
			}
		},
		{
			"from": [7, 2, 5],
			"to": [8, 3, 6],
			"faces": {
				"north": {"uv": [0, 0, 16, 16], "texture": "#0"},
				"south": {"uv": [0, 0, 16, 16], "texture": "#0"},
				"up": {"uv": [0, 0, 16, 16], "texture": "#0"}
			}
		},
		{
			"from": [8, 2, 5],
			"to": [9, 3, 6],
			"faces": {
				"north": {"uv": [0, 0, 16, 16], "texture": "#0"},
				"south": {"uv": [0, 0, 16, 16], "texture": "#0"},
				"up": {"uv": [0, 0, 16, 16], "texture": "#0"}
			}
		},
		{
			"from": [9, 2, 5],
			"to": [10, 3, 6],
			"faces": {
				"north": {"uv": [0, 0, 16, 16], "texture": "#0"},
				"south": {"uv": [0, 0, 16, 16], "texture": "#0"},
				"up": {"uv": [0, 0, 16, 16], "texture": "#0"}
			}
		},
		{
			"from": [10, 2, 5],
			"to": [11, 3, 6],
			"faces": {
				"north": {"uv": [0, 0, 16, 16], "texture": "#0"},
				"east": {"uv": [0, 0, 16, 16], "texture": "#0"},
				"down": {"uv": [0, 0, 16, 16], "texture": "#0"}
			}
		},
		{
			"from": [10, 2, 6],
			"to": [11, 3, 7],
			"faces": {
				"east": {"uv": [0, 0, 16, 16], "texture": "#1"},
				"west": {"uv": [0, 0, 16, 16], "texture": "#1"},
				"up": {"uv": [0, 0, 16, 16], "texture": "#1"},
				"down": {"uv": [0, 0, 16, 16], "texture": "#1"}
			}
		},
		{
			"from": [10, 2, 7],
			"to": [11, 3, 8],
			"faces": {
				"east": {"uv": [0, 0, 16, 16], "texture": "#1"},
				"west": {"uv": [0, 0, 16, 16], "texture": "#1"},
				"up": {"uv": [0, 0, 16, 16], "texture": "#1"},
				"down": {"uv": [0, 0, 16, 16], "texture": "#1"}
			}
		},
		{
			"from": [10, 2, 8],
			"to": [11, 3, 9],
			"faces": {
				"east": {"uv": [0, 0, 16, 16], "texture": "#1"},
				"west": {"uv": [0, 0, 16, 16], "texture": "#1"},
				"up": {"uv": [0, 0, 16, 16], "texture": "#1"},
				"down": {"uv": [0, 0, 16, 16], "texture": "#1"}
			}
		},
		{
			"from": [10, 2, 9],
			"to": [11, 3, 10],
			"faces": {
				"east": {"uv": [0, 0, 16, 16], "texture": "#1"},
				"west": {"uv": [0, 0, 16, 16], "texture": "#1"},
				"up": {"uv": [0, 0, 16, 16], "texture": "#1"},
				"down": {"uv": [0, 0, 16, 16], "texture": "#1"}
			}
		},
		{
			"from": [10, 2, 10],
			"to": [11, 3, 11],
			"faces": {
				"east": {"uv": [0, 0, 16, 16], "texture": "#1"},
				"west": {"uv": [0, 0, 16, 16], "texture": "#1"},
				"up": {"uv": [0, 0, 16, 16], "texture": "#1"},
				"down": {"uv": [0, 0, 16, 16], "texture": "#1"}
			}
		},
		{
			"from": [10, 2, 11],
			"to": [11, 3, 12],
			"faces": {
				"east": {"uv": [0, 0, 16, 16], "texture": "#1"},
				"south": {"uv": [0, 0, 16, 16], "texture": "#1"},
				"west": {"uv": [0, 0, 16, 16], "texture": "#1"},
				"up": {"uv": [0, 0, 16, 16], "texture": "#1"},
				"down": {"uv": [0, 0, 16, 16], "texture": "#1"}
			}
		},
		{
			"from": [3, 3, 5],
			"to": [4, 4, 6],
			"faces": {
				"north": {"uv": [0, 0, 16, 16], "texture": "#0"},
				"west": {"uv": [0, 0, 16, 16], "texture": "#0"},
				"down": {"uv": [0, 0, 16, 16], "texture": "#0"}
			}
		},
		{
			"from": [3, 3, 6],
			"to": [4, 4, 7],
			"faces": {
				"east": {"uv": [0, 0, 16, 16], "texture": "#1"},
				"west": {"uv": [0, 0, 16, 16], "texture": "#1"},
				"down": {"uv": [0, 0, 16, 16], "texture": "#1"}
			}
		},
		{
			"from": [3, 3, 7],
			"to": [4, 4, 8],
			"faces": {
				"east": {"uv": [0, 0, 16, 16], "texture": "#1"},
				"west": {"uv": [0, 0, 16, 16], "texture": "#1"},
				"down": {"uv": [0, 0, 16, 16], "texture": "#1"}
			}
		},
		{
			"from": [3, 3, 8],
			"to": [4, 4, 9],
			"faces": {
				"east": {"uv": [0, 0, 16, 16], "texture": "#1"},
				"west": {"uv": [0, 0, 16, 16], "texture": "#1"},
				"down": {"uv": [0, 0, 16, 16], "texture": "#1"}
			}
		},
		{
			"from": [3, 3, 9],
			"to": [4, 4, 10],
			"faces": {
				"east": {"uv": [0, 0, 16, 16], "texture": "#1"},
				"west": {"uv": [0, 0, 16, 16], "texture": "#1"},
				"down": {"uv": [0, 0, 16, 16], "texture": "#1"}
			}
		},
		{
			"from": [3, 3, 10],
			"to": [4, 4, 11],
			"faces": {
				"east": {"uv": [0, 0, 16, 16], "texture": "#1"},
				"west": {"uv": [0, 0, 16, 16], "texture": "#1"},
				"down": {"uv": [0, 0, 16, 16], "texture": "#1"}
			}
		},
		{
			"from": [3, 3, 11],
			"to": [4, 4, 12],
			"faces": {
				"east": {"uv": [0, 0, 16, 16], "texture": "#1"},
				"south": {"uv": [0, 0, 16, 16], "texture": "#1"},
				"west": {"uv": [0, 0, 16, 16], "texture": "#1"},
				"down": {"uv": [0, 0, 16, 16], "texture": "#1"}
			}
		},
		{
			"from": [4, 3, 5],
			"to": [5, 4, 6],
			"faces": {
				"north": {"uv": [0, 0, 16, 16], "texture": "#0"},
				"east": {"uv": [0, 0, 16, 16], "texture": "#0"},
				"south": {"uv": [0, 0, 16, 16], "texture": "#0"}
			}
		},
		{
			"from": [10, 3, 5],
			"to": [11, 4, 6],
			"faces": {
				"north": {"uv": [0, 0, 16, 16], "texture": "#0"},
				"south": {"uv": [0, 0, 16, 16], "texture": "#0"},
				"west": {"uv": [0, 0, 16, 16], "texture": "#0"}
			}
		},
		{
			"from": [11, 3, 5],
			"to": [12, 4, 6],
			"faces": {
				"north": {"uv": [0, 0, 16, 16], "texture": "#0"},
				"east": {"uv": [0, 0, 16, 16], "texture": "#0"},
				"down": {"uv": [0, 0, 16, 16], "texture": "#0"}
			}
		},
		{
			"from": [11, 3, 6],
			"to": [12, 4, 7],
			"faces": {
				"east": {"uv": [0, 0, 16, 16], "texture": "#1"},
				"west": {"uv": [0, 0, 16, 16], "texture": "#1"},
				"down": {"uv": [0, 0, 16, 16], "texture": "#1"}
			}
		},
		{
			"from": [11, 3, 7],
			"to": [12, 4, 8],
			"faces": {
				"east": {"uv": [0, 0, 16, 16], "texture": "#1"},
				"west": {"uv": [0, 0, 16, 16], "texture": "#1"},
				"down": {"uv": [0, 0, 16, 16], "texture": "#1"}
			}
		},
		{
			"from": [11, 3, 8],
			"to": [12, 4, 9],
			"faces": {
				"east": {"uv": [0, 0, 16, 16], "texture": "#1"},
				"west": {"uv": [0, 0, 16, 16], "texture": "#1"},
				"down": {"uv": [0, 0, 16, 16], "texture": "#1"}
			}
		},
		{
			"from": [11, 3, 9],
			"to": [12, 4, 10],
			"faces": {
				"east": {"uv": [0, 0, 16, 16], "texture": "#1"},
				"west": {"uv": [0, 0, 16, 16], "texture": "#1"},
				"down": {"uv": [0, 0, 16, 16], "texture": "#1"}
			}
		},
		{
			"from": [11, 3, 10],
			"to": [12, 4, 11],
			"faces": {
				"east": {"uv": [0, 0, 16, 16], "texture": "#1"},
				"west": {"uv": [0, 0, 16, 16], "texture": "#1"},
				"down": {"uv": [0, 0, 16, 16], "texture": "#1"}
			}
		},
		{
			"from": [11, 3, 11],
			"to": [12, 4, 12],
			"faces": {
				"east": {"uv": [0, 0, 16, 16], "texture": "#1"},
				"south": {"uv": [0, 0, 16, 16], "texture": "#1"},
				"west": {"uv": [0, 0, 16, 16], "texture": "#1"},
				"down": {"uv": [0, 0, 16, 16], "texture": "#1"}
			}
		},
		{
			"from": [3, 4, 5],
			"to": [4, 5, 6],
			"faces": {
				"north": {"uv": [0, 0, 16, 16], "texture": "#0"},
				"west": {"uv": [0, 0, 16, 16], "texture": "#0"}
			}
		},
		{
			"from": [3, 4, 6],
			"to": [4, 5, 7],
			"faces": {
				"east": {"uv": [0, 0, 16, 16], "texture": "#1"},
				"west": {"uv": [0, 0, 16, 16], "texture": "#1"}
			}
		},
		{
			"from": [3, 4, 7],
			"to": [4, 5, 8],
			"faces": {
				"east": {"uv": [0, 0, 16, 16], "texture": "#1"},
				"west": {"uv": [0, 0, 16, 16], "texture": "#1"}
			}
		},
		{
			"from": [3, 4, 8],
			"to": [4, 5, 9],
			"faces": {
				"east": {"uv": [0, 0, 16, 16], "texture": "#1"},
				"west": {"uv": [0, 0, 16, 16], "texture": "#1"}
			}
		},
		{
			"from": [3, 4, 9],
			"to": [4, 5, 10],
			"faces": {
				"east": {"uv": [0, 0, 16, 16], "texture": "#1"},
				"west": {"uv": [0, 0, 16, 16], "texture": "#1"}
			}
		},
		{
			"from": [3, 4, 10],
			"to": [4, 5, 11],
			"faces": {
				"east": {"uv": [0, 0, 16, 16], "texture": "#1"},
				"west": {"uv": [0, 0, 16, 16], "texture": "#1"}
			}
		},
		{
			"from": [3, 4, 11],
			"to": [4, 5, 12],
			"faces": {
				"east": {"uv": [0, 0, 16, 16], "texture": "#1"},
				"south": {"uv": [0, 0, 16, 16], "texture": "#1"},
				"west": {"uv": [0, 0, 16, 16], "texture": "#1"}
			}
		},
		{
			"from": [4, 4, 5],
			"to": [5, 5, 6],
			"faces": {
				"north": {"uv": [0, 0, 16, 16], "texture": "#0"},
				"east": {"uv": [0, 0, 16, 16], "texture": "#0"},
				"south": {"uv": [0, 0, 16, 16], "texture": "#0"}
			}
		},
		{
			"from": [10, 4, 5],
			"to": [11, 5, 6],
			"faces": {
				"north": {"uv": [0, 0, 16, 16], "texture": "#0"},
				"south": {"uv": [0, 0, 16, 16], "texture": "#0"},
				"west": {"uv": [0, 0, 16, 16], "texture": "#0"}
			}
		},
		{
			"from": [11, 4, 5],
			"to": [12, 5, 6],
			"faces": {
				"north": {"uv": [0, 0, 16, 16], "texture": "#0"},
				"east": {"uv": [0, 0, 16, 16], "texture": "#0"}
			}
		},
		{
			"from": [11, 4, 6],
			"to": [12, 5, 7],
			"faces": {
				"east": {"uv": [0, 0, 16, 16], "texture": "#1"},
				"west": {"uv": [0, 0, 16, 16], "texture": "#1"}
			}
		},
		{
			"from": [11, 4, 7],
			"to": [12, 5, 8],
			"faces": {
				"east": {"uv": [0, 0, 16, 16], "texture": "#1"},
				"west": {"uv": [0, 0, 16, 16], "texture": "#1"}
			}
		},
		{
			"from": [11, 4, 8],
			"to": [12, 5, 9],
			"faces": {
				"east": {"uv": [0, 0, 16, 16], "texture": "#1"},
				"west": {"uv": [0, 0, 16, 16], "texture": "#1"}
			}
		},
		{
			"from": [11, 4, 9],
			"to": [12, 5, 10],
			"faces": {
				"east": {"uv": [0, 0, 16, 16], "texture": "#1"},
				"west": {"uv": [0, 0, 16, 16], "texture": "#1"}
			}
		},
		{
			"from": [11, 4, 10],
			"to": [12, 5, 11],
			"faces": {
				"east": {"uv": [0, 0, 16, 16], "texture": "#1"},
				"west": {"uv": [0, 0, 16, 16], "texture": "#1"}
			}
		},
		{
			"from": [11, 4, 11],
			"to": [12, 5, 12],
			"faces": {
				"east": {"uv": [0, 0, 16, 16], "texture": "#1"},
				"south": {"uv": [0, 0, 16, 16], "texture": "#1"},
				"west": {"uv": [0, 0, 16, 16], "texture": "#1"}
			}
		},
		{
			"from": [3, 5, 5],
			"to": [4, 6, 6],
			"faces": {
				"north": {"uv": [0, 0, 16, 16], "texture": "#0"},
				"west": {"uv": [0, 0, 16, 16], "texture": "#0"}
			}
		},
		{
			"from": [3, 5, 6],
			"to": [4, 6, 7],
			"faces": {
				"east": {"uv": [0, 0, 16, 16], "texture": "#1"},
				"west": {"uv": [0, 0, 16, 16], "texture": "#1"}
			}
		},
		{
			"from": [3, 5, 7],
			"to": [4, 6, 8],
			"faces": {
				"east": {"uv": [0, 0, 16, 16], "texture": "#1"},
				"west": {"uv": [0, 0, 16, 16], "texture": "#1"}
			}
		},
		{
			"from": [3, 5, 8],
			"to": [4, 6, 9],
			"faces": {
				"east": {"uv": [0, 0, 16, 16], "texture": "#1"},
				"west": {"uv": [0, 0, 16, 16], "texture": "#1"}
			}
		},
		{
			"from": [3, 5, 9],
			"to": [4, 6, 10],
			"faces": {
				"east": {"uv": [0, 0, 16, 16], "texture": "#1"},
				"west": {"uv": [0, 0, 16, 16], "texture": "#1"}
			}
		},
		{
			"from": [3, 5, 10],
			"to": [4, 6, 11],
			"faces": {
				"east": {"uv": [0, 0, 16, 16], "texture": "#1"},
				"west": {"uv": [0, 0, 16, 16], "texture": "#1"}
			}
		},
		{
			"from": [3, 5, 11],
			"to": [4, 6, 12],
			"faces": {
				"east": {"uv": [0, 0, 16, 16], "texture": "#1"},
				"south": {"uv": [0, 0, 16, 16], "texture": "#1"},
				"west": {"uv": [0, 0, 16, 16], "texture": "#1"}
			}
		},
		{
			"from": [4, 5, 5],
			"to": [5, 6, 6],
			"faces": {
				"north": {"uv": [0, 0, 16, 16], "texture": "#0"},
				"east": {"uv": [0, 0, 16, 16], "texture": "#0"},
				"south": {"uv": [0, 0, 16, 16], "texture": "#0"}
			}
		},
		{
			"from": [10, 5, 5],
			"to": [11, 6, 6],
			"faces": {
				"north": {"uv": [0, 0, 16, 16], "texture": "#0"},
				"south": {"uv": [0, 0, 16, 16], "texture": "#0"},
				"west": {"uv": [0, 0, 16, 16], "texture": "#0"}
			}
		},
		{
			"from": [11, 5, 5],
			"to": [12, 6, 6],
			"faces": {
				"north": {"uv": [0, 0, 16, 16], "texture": "#0"},
				"east": {"uv": [0, 0, 16, 16], "texture": "#0"}
			}
		},
		{
			"from": [11, 5, 6],
			"to": [12, 6, 7],
			"faces": {
				"east": {"uv": [0, 0, 16, 16], "texture": "#1"},
				"west": {"uv": [0, 0, 16, 16], "texture": "#1"}
			}
		},
		{
			"from": [11, 5, 7],
			"to": [12, 6, 8],
			"faces": {
				"east": {"uv": [0, 0, 16, 16], "texture": "#1"},
				"west": {"uv": [0, 0, 16, 16], "texture": "#1"}
			}
		},
		{
			"from": [11, 5, 8],
			"to": [12, 6, 9],
			"faces": {
				"east": {"uv": [0, 0, 16, 16], "texture": "#1"},
				"west": {"uv": [0, 0, 16, 16], "texture": "#1"}
			}
		},
		{
			"from": [11, 5, 9],
			"to": [12, 6, 10],
			"faces": {
				"east": {"uv": [0, 0, 16, 16], "texture": "#1"},
				"west": {"uv": [0, 0, 16, 16], "texture": "#1"}
			}
		},
		{
			"from": [11, 5, 10],
			"to": [12, 6, 11],
			"faces": {
				"east": {"uv": [0, 0, 16, 16], "texture": "#1"},
				"west": {"uv": [0, 0, 16, 16], "texture": "#1"}
			}
		},
		{
			"from": [11, 5, 11],
			"to": [12, 6, 12],
			"faces": {
				"east": {"uv": [0, 0, 16, 16], "texture": "#1"},
				"south": {"uv": [0, 0, 16, 16], "texture": "#1"},
				"west": {"uv": [0, 0, 16, 16], "texture": "#1"}
			}
		},
		{
			"from": [3, 6, 5],
			"to": [4, 7, 6],
			"faces": {
				"north": {"uv": [0, 0, 16, 16], "texture": "#0"},
				"west": {"uv": [0, 0, 16, 16], "texture": "#0"}
			}
		},
		{
			"from": [3, 6, 6],
			"to": [4, 7, 7],
			"faces": {
				"east": {"uv": [0, 0, 16, 16], "texture": "#1"},
				"west": {"uv": [0, 0, 16, 16], "texture": "#1"}
			}
		},
		{
			"from": [3, 6, 7],
			"to": [4, 7, 8],
			"faces": {
				"east": {"uv": [0, 0, 16, 16], "texture": "#1"},
				"west": {"uv": [0, 0, 16, 16], "texture": "#1"}
			}
		},
		{
			"from": [3, 6, 8],
			"to": [4, 7, 9],
			"faces": {
				"east": {"uv": [0, 0, 16, 16], "texture": "#1"},
				"west": {"uv": [0, 0, 16, 16], "texture": "#1"}
			}
		},
		{
			"from": [3, 6, 9],
			"to": [4, 7, 10],
			"faces": {
				"east": {"uv": [0, 0, 16, 16], "texture": "#1"},
				"west": {"uv": [0, 0, 16, 16], "texture": "#1"}
			}
		},
		{
			"from": [3, 6, 10],
			"to": [4, 7, 11],
			"faces": {
				"east": {"uv": [0, 0, 16, 16], "texture": "#1"},
				"west": {"uv": [0, 0, 16, 16], "texture": "#1"}
			}
		},
		{
			"from": [3, 6, 11],
			"to": [4, 7, 12],
			"faces": {
				"east": {"uv": [0, 0, 16, 16], "texture": "#1"},
				"south": {"uv": [0, 0, 16, 16], "texture": "#1"},
				"west": {"uv": [0, 0, 16, 16], "texture": "#1"}
			}
		},
		{
			"from": [4, 6, 5],
			"to": [5, 7, 6],
			"faces": {
				"north": {"uv": [0, 0, 16, 16], "texture": "#0"},
				"east": {"uv": [0, 0, 16, 16], "texture": "#0"},
				"south": {"uv": [0, 0, 16, 16], "texture": "#0"}
			}
		},
		{
			"from": [10, 6, 5],
			"to": [11, 7, 6],
			"faces": {
				"north": {"uv": [0, 0, 16, 16], "texture": "#0"},
				"south": {"uv": [0, 0, 16, 16], "texture": "#0"},
				"west": {"uv": [0, 0, 16, 16], "texture": "#0"}
			}
		},
		{
			"from": [11, 6, 5],
			"to": [12, 7, 6],
			"faces": {
				"north": {"uv": [0, 0, 16, 16], "texture": "#0"},
				"east": {"uv": [0, 0, 16, 16], "texture": "#0"}
			}
		},
		{
			"from": [11, 6, 6],
			"to": [12, 7, 7],
			"faces": {
				"east": {"uv": [0, 0, 16, 16], "texture": "#1"},
				"west": {"uv": [0, 0, 16, 16], "texture": "#1"}
			}
		},
		{
			"from": [11, 6, 7],
			"to": [12, 7, 8],
			"faces": {
				"east": {"uv": [0, 0, 16, 16], "texture": "#1"},
				"west": {"uv": [0, 0, 16, 16], "texture": "#1"}
			}
		},
		{
			"from": [11, 6, 8],
			"to": [12, 7, 9],
			"faces": {
				"east": {"uv": [0, 0, 16, 16], "texture": "#1"},
				"west": {"uv": [0, 0, 16, 16], "texture": "#1"}
			}
		},
		{
			"from": [11, 6, 9],
			"to": [12, 7, 10],
			"faces": {
				"east": {"uv": [0, 0, 16, 16], "texture": "#1"},
				"west": {"uv": [0, 0, 16, 16], "texture": "#1"}
			}
		},
		{
			"from": [11, 6, 10],
			"to": [12, 7, 11],
			"faces": {
				"east": {"uv": [0, 0, 16, 16], "texture": "#1"},
				"west": {"uv": [0, 0, 16, 16], "texture": "#1"}
			}
		},
		{
			"from": [11, 6, 11],
			"to": [12, 7, 12],
			"faces": {
				"east": {"uv": [0, 0, 16, 16], "texture": "#1"},
				"south": {"uv": [0, 0, 16, 16], "texture": "#1"},
				"west": {"uv": [0, 0, 16, 16], "texture": "#1"}
			}
		},
		{
			"from": [3, 7, 5],
			"to": [4, 8, 6],
			"faces": {
				"north": {"uv": [0, 0, 16, 16], "texture": "#0"},
				"west": {"uv": [0, 0, 16, 16], "texture": "#0"},
				"up": {"uv": [0, 0, 16, 16], "texture": "#0"}
			}
		},
		{
			"from": [3, 7, 6],
			"to": [4, 8, 7],
			"faces": {
				"east": {"uv": [0, 0, 16, 16], "texture": "#1"},
				"west": {"uv": [0, 0, 16, 16], "texture": "#1"},
				"up": {"uv": [0, 0, 16, 16], "texture": "#1"}
			}
		},
		{
			"from": [3, 7, 7],
			"to": [4, 8, 8],
			"faces": {
				"east": {"uv": [0, 0, 16, 16], "texture": "#1"},
				"west": {"uv": [0, 0, 16, 16], "texture": "#1"},
				"up": {"uv": [0, 0, 16, 16], "texture": "#1"}
			}
		},
		{
			"from": [3, 7, 8],
			"to": [4, 8, 9],
			"faces": {
				"east": {"uv": [0, 0, 16, 16], "texture": "#1"},
				"west": {"uv": [0, 0, 16, 16], "texture": "#1"},
				"up": {"uv": [0, 0, 16, 16], "texture": "#1"}
			}
		},
		{
			"from": [3, 7, 9],
			"to": [4, 8, 10],
			"faces": {
				"east": {"uv": [0, 0, 16, 16], "texture": "#1"},
				"west": {"uv": [0, 0, 16, 16], "texture": "#1"},
				"up": {"uv": [0, 0, 16, 16], "texture": "#1"}
			}
		},
		{
			"from": [3, 7, 10],
			"to": [4, 8, 11],
			"faces": {
				"east": {"uv": [0, 0, 16, 16], "texture": "#1"},
				"west": {"uv": [0, 0, 16, 16], "texture": "#1"},
				"up": {"uv": [0, 0, 16, 16], "texture": "#1"}
			}
		},
		{
			"from": [3, 7, 11],
			"to": [4, 8, 12],
			"faces": {
				"east": {"uv": [0, 0, 16, 16], "texture": "#1"},
				"south": {"uv": [0, 0, 16, 16], "texture": "#1"},
				"west": {"uv": [0, 0, 16, 16], "texture": "#1"},
				"up": {"uv": [0, 0, 16, 16], "texture": "#1"}
			}
		},
		{
			"from": [4, 7, 5],
			"to": [5, 8, 6],
			"faces": {
				"north": {"uv": [0, 0, 16, 16], "texture": "#0"},
				"east": {"uv": [0, 0, 16, 16], "texture": "#0"},
				"south": {"uv": [0, 0, 16, 16], "texture": "#0"}
			}
		},
		{
			"from": [10, 7, 5],
			"to": [11, 8, 6],
			"faces": {
				"north": {"uv": [0, 0, 16, 16], "texture": "#0"},
				"south": {"uv": [0, 0, 16, 16], "texture": "#0"},
				"west": {"uv": [0, 0, 16, 16], "texture": "#0"}
			}
		},
		{
			"from": [11, 7, 5],
			"to": [12, 8, 6],
			"faces": {
				"north": {"uv": [0, 0, 16, 16], "texture": "#0"},
				"east": {"uv": [0, 0, 16, 16], "texture": "#0"},
				"up": {"uv": [0, 0, 16, 16], "texture": "#0"}
			}
		},
		{
			"from": [11, 7, 6],
			"to": [12, 8, 7],
			"faces": {
				"east": {"uv": [0, 0, 16, 16], "texture": "#1"},
				"west": {"uv": [0, 0, 16, 16], "texture": "#1"},
				"up": {"uv": [0, 0, 16, 16], "texture": "#1"}
			}
		},
		{
			"from": [11, 7, 7],
			"to": [12, 8, 8],
			"faces": {
				"east": {"uv": [0, 0, 16, 16], "texture": "#1"},
				"west": {"uv": [0, 0, 16, 16], "texture": "#1"},
				"up": {"uv": [0, 0, 16, 16], "texture": "#1"}
			}
		},
		{
			"from": [11, 7, 8],
			"to": [12, 8, 9],
			"faces": {
				"east": {"uv": [0, 0, 16, 16], "texture": "#1"},
				"west": {"uv": [0, 0, 16, 16], "texture": "#1"},
				"up": {"uv": [0, 0, 16, 16], "texture": "#1"}
			}
		},
		{
			"from": [11, 7, 9],
			"to": [12, 8, 10],
			"faces": {
				"east": {"uv": [0, 0, 16, 16], "texture": "#1"},
				"west": {"uv": [0, 0, 16, 16], "texture": "#1"},
				"up": {"uv": [0, 0, 16, 16], "texture": "#1"}
			}
		},
		{
			"from": [11, 7, 10],
			"to": [12, 8, 11],
			"faces": {
				"east": {"uv": [0, 0, 16, 16], "texture": "#1"},
				"west": {"uv": [0, 0, 16, 16], "texture": "#1"},
				"up": {"uv": [0, 0, 16, 16], "texture": "#1"}
			}
		},
		{
			"from": [11, 7, 11],
			"to": [12, 8, 12],
			"faces": {
				"east": {"uv": [0, 0, 16, 16], "texture": "#1"},
				"south": {"uv": [0, 0, 16, 16], "texture": "#1"},
				"west": {"uv": [0, 0, 16, 16], "texture": "#1"},
				"up": {"uv": [0, 0, 16, 16], "texture": "#1"}
			}
		},
		{
			"from": [4, 8, 5],
			"to": [5, 9, 6],
			"faces": {
				"north": {"uv": [0, 0, 16, 16], "texture": "#0"},
				"west": {"uv": [0, 0, 16, 16], "texture": "#0"},
				"up": {"uv": [0, 0, 16, 16], "texture": "#0"}
			}
		},
		{
			"from": [4, 8, 6],
			"to": [5, 9, 7],
			"faces": {
				"east": {"uv": [0, 0, 16, 16], "texture": "#1"},
				"west": {"uv": [0, 0, 16, 16], "texture": "#1"},
				"up": {"uv": [0, 0, 16, 16], "texture": "#1"},
				"down": {"uv": [0, 0, 16, 16], "texture": "#1"}
			}
		},
		{
			"from": [4, 8, 7],
			"to": [5, 9, 8],
			"faces": {
				"east": {"uv": [0, 0, 16, 16], "texture": "#1"},
				"west": {"uv": [0, 0, 16, 16], "texture": "#1"},
				"up": {"uv": [0, 0, 16, 16], "texture": "#1"},
				"down": {"uv": [0, 0, 16, 16], "texture": "#1"}
			}
		},
		{
			"from": [4, 8, 8],
			"to": [5, 9, 9],
			"faces": {
				"east": {"uv": [0, 0, 16, 16], "texture": "#1"},
				"west": {"uv": [0, 0, 16, 16], "texture": "#1"},
				"up": {"uv": [0, 0, 16, 16], "texture": "#1"},
				"down": {"uv": [0, 0, 16, 16], "texture": "#1"}
			}
		},
		{
			"from": [4, 8, 9],
			"to": [5, 9, 10],
			"faces": {
				"east": {"uv": [0, 0, 16, 16], "texture": "#1"},
				"west": {"uv": [0, 0, 16, 16], "texture": "#1"},
				"up": {"uv": [0, 0, 16, 16], "texture": "#1"},
				"down": {"uv": [0, 0, 16, 16], "texture": "#1"}
			}
		},
		{
			"from": [4, 8, 10],
			"to": [5, 9, 11],
			"faces": {
				"east": {"uv": [0, 0, 16, 16], "texture": "#1"},
				"west": {"uv": [0, 0, 16, 16], "texture": "#1"},
				"up": {"uv": [0, 0, 16, 16], "texture": "#1"},
				"down": {"uv": [0, 0, 16, 16], "texture": "#1"}
			}
		},
		{
			"from": [4, 8, 11],
			"to": [5, 9, 12],
			"faces": {
				"east": {"uv": [0, 0, 16, 16], "texture": "#1"},
				"south": {"uv": [0, 0, 16, 16], "texture": "#1"},
				"west": {"uv": [0, 0, 16, 16], "texture": "#1"},
				"up": {"uv": [0, 0, 16, 16], "texture": "#1"},
				"down": {"uv": [0, 0, 16, 16], "texture": "#1"}
			}
		},
		{
			"from": [5, 8, 5],
			"to": [6, 9, 6],
			"faces": {
				"north": {"uv": [0, 0, 16, 16], "texture": "#0"},
				"south": {"uv": [0, 0, 16, 16], "texture": "#0"},
				"down": {"uv": [0, 0, 16, 16], "texture": "#0"}
			}
		},
		{
			"from": [6, 8, 5],
			"to": [7, 9, 6],
			"faces": {
				"north": {"uv": [0, 0, 16, 16], "texture": "#0"},
				"south": {"uv": [0, 0, 16, 16], "texture": "#0"},
				"down": {"uv": [0, 0, 16, 16], "texture": "#0"}
			}
		},
		{
			"from": [7, 8, 5],
			"to": [8, 9, 6],
			"faces": {
				"north": {"uv": [0, 0, 16, 16], "texture": "#0"},
				"south": {"uv": [0, 0, 16, 16], "texture": "#0"},
				"down": {"uv": [0, 0, 16, 16], "texture": "#0"}
			}
		},
		{
			"from": [8, 8, 5],
			"to": [9, 9, 6],
			"faces": {
				"north": {"uv": [0, 0, 16, 16], "texture": "#0"},
				"south": {"uv": [0, 0, 16, 16], "texture": "#0"},
				"down": {"uv": [0, 0, 16, 16], "texture": "#0"}
			}
		},
		{
			"from": [9, 8, 5],
			"to": [10, 9, 6],
			"faces": {
				"north": {"uv": [0, 0, 16, 16], "texture": "#0"},
				"south": {"uv": [0, 0, 16, 16], "texture": "#0"},
				"down": {"uv": [0, 0, 16, 16], "texture": "#0"}
			}
		},
		{
			"from": [10, 8, 5],
			"to": [11, 9, 6],
			"faces": {
				"north": {"uv": [0, 0, 16, 16], "texture": "#0"},
				"east": {"uv": [0, 0, 16, 16], "texture": "#0"},
				"up": {"uv": [0, 0, 16, 16], "texture": "#0"}
			}
		},
		{
			"from": [10, 8, 6],
			"to": [11, 9, 7],
			"faces": {
				"east": {"uv": [0, 0, 16, 16], "texture": "#1"},
				"west": {"uv": [0, 0, 16, 16], "texture": "#1"},
				"up": {"uv": [0, 0, 16, 16], "texture": "#1"},
				"down": {"uv": [0, 0, 16, 16], "texture": "#1"}
			}
		},
		{
			"from": [10, 8, 7],
			"to": [11, 9, 8],
			"faces": {
				"east": {"uv": [0, 0, 16, 16], "texture": "#1"},
				"west": {"uv": [0, 0, 16, 16], "texture": "#1"},
				"up": {"uv": [0, 0, 16, 16], "texture": "#1"},
				"down": {"uv": [0, 0, 16, 16], "texture": "#1"}
			}
		},
		{
			"from": [10, 8, 8],
			"to": [11, 9, 9],
			"faces": {
				"east": {"uv": [0, 0, 16, 16], "texture": "#1"},
				"west": {"uv": [0, 0, 16, 16], "texture": "#1"},
				"up": {"uv": [0, 0, 16, 16], "texture": "#1"},
				"down": {"uv": [0, 0, 16, 16], "texture": "#1"}
			}
		},
		{
			"from": [10, 8, 9],
			"to": [11, 9, 10],
			"faces": {
				"east": {"uv": [0, 0, 16, 16], "texture": "#1"},
				"west": {"uv": [0, 0, 16, 16], "texture": "#1"},
				"up": {"uv": [0, 0, 16, 16], "texture": "#1"},
				"down": {"uv": [0, 0, 16, 16], "texture": "#1"}
			}
		},
		{
			"from": [10, 8, 10],
			"to": [11, 9, 11],
			"faces": {
				"east": {"uv": [0, 0, 16, 16], "texture": "#1"},
				"west": {"uv": [0, 0, 16, 16], "texture": "#1"},
				"up": {"uv": [0, 0, 16, 16], "texture": "#1"},
				"down": {"uv": [0, 0, 16, 16], "texture": "#1"}
			}
		},
		{
			"from": [10, 8, 11],
			"to": [11, 9, 12],
			"faces": {
				"east": {"uv": [0, 0, 16, 16], "texture": "#1"},
				"south": {"uv": [0, 0, 16, 16], "texture": "#1"},
				"west": {"uv": [0, 0, 16, 16], "texture": "#1"},
				"up": {"uv": [0, 0, 16, 16], "texture": "#1"},
				"down": {"uv": [0, 0, 16, 16], "texture": "#1"}
			}
		},
		{
			"from": [5, 9, 5],
			"to": [6, 10, 6],
			"faces": {
				"north": {"uv": [0, 0, 16, 16], "texture": "#0"},
				"west": {"uv": [0, 0, 16, 16], "texture": "#0"},
				"up": {"uv": [0, 0, 16, 16], "texture": "#0"}
			}
		},
		{
			"from": [5, 9, 6],
			"to": [6, 10, 7],
			"faces": {
				"west": {"uv": [0, 0, 16, 16], "texture": "#1"},
				"up": {"uv": [0, 0, 16, 16], "texture": "#1"},
				"down": {"uv": [0, 0, 16, 16], "texture": "#1"}
			}
		},
		{
			"from": [5, 9, 7],
			"to": [6, 10, 8],
			"faces": {
				"west": {"uv": [0, 0, 16, 16], "texture": "#1"},
				"up": {"uv": [0, 0, 16, 16], "texture": "#1"},
				"down": {"uv": [0, 0, 16, 16], "texture": "#1"}
			}
		},
		{
			"from": [5, 9, 8],
			"to": [6, 10, 9],
			"faces": {
				"west": {"uv": [0, 0, 16, 16], "texture": "#1"},
				"up": {"uv": [0, 0, 16, 16], "texture": "#1"},
				"down": {"uv": [0, 0, 16, 16], "texture": "#1"}
			}
		},
		{
			"from": [5, 9, 9],
			"to": [6, 10, 10],
			"faces": {
				"west": {"uv": [0, 0, 16, 16], "texture": "#1"},
				"up": {"uv": [0, 0, 16, 16], "texture": "#1"},
				"down": {"uv": [0, 0, 16, 16], "texture": "#1"}
			}
		},
		{
			"from": [5, 9, 10],
			"to": [6, 10, 11],
			"faces": {
				"west": {"uv": [0, 0, 16, 16], "texture": "#1"},
				"up": {"uv": [0, 0, 16, 16], "texture": "#1"},
				"down": {"uv": [0, 0, 16, 16], "texture": "#1"}
			}
		},
		{
			"from": [5, 9, 11],
			"to": [6, 10, 12],
			"faces": {
				"south": {"uv": [0, 0, 16, 16], "texture": "#1"},
				"west": {"uv": [0, 0, 16, 16], "texture": "#1"},
				"up": {"uv": [0, 0, 16, 16], "texture": "#1"},
				"down": {"uv": [0, 0, 16, 16], "texture": "#1"}
			}
		},
		{
			"from": [6, 9, 5],
			"to": [7, 10, 6],
			"faces": {
				"north": {"uv": [0, 0, 16, 16], "texture": "#0"},
				"up": {"uv": [0, 0, 16, 16], "texture": "#0"}
			}
		},
		{
			"from": [6, 9, 6],
			"to": [7, 10, 7],
			"faces": {
				"up": {"uv": [0, 0, 16, 16], "texture": "#1"},
				"down": {"uv": [0, 0, 16, 16], "texture": "#1"}
			}
		},
		{
			"from": [6, 9, 7],
			"to": [7, 10, 8],
			"faces": {
				"up": {"uv": [0, 0, 16, 16], "texture": "#1"},
				"down": {"uv": [0, 0, 16, 16], "texture": "#1"}
			}
		},
		{
			"from": [6, 9, 8],
			"to": [7, 10, 9],
			"faces": {
				"up": {"uv": [0, 0, 16, 16], "texture": "#1"},
				"down": {"uv": [0, 0, 16, 16], "texture": "#1"}
			}
		},
		{
			"from": [6, 9, 9],
			"to": [7, 10, 10],
			"faces": {
				"up": {"uv": [0, 0, 16, 16], "texture": "#1"},
				"down": {"uv": [0, 0, 16, 16], "texture": "#1"}
			}
		},
		{
			"from": [6, 9, 10],
			"to": [7, 10, 11],
			"faces": {
				"up": {"uv": [0, 0, 16, 16], "texture": "#1"},
				"down": {"uv": [0, 0, 16, 16], "texture": "#1"}
			}
		},
		{
			"from": [6, 9, 11],
			"to": [7, 10, 12],
			"faces": {
				"south": {"uv": [0, 0, 16, 16], "texture": "#1"},
				"up": {"uv": [0, 0, 16, 16], "texture": "#1"},
				"down": {"uv": [0, 0, 16, 16], "texture": "#1"}
			}
		},
		{
			"from": [7, 9, 5],
			"to": [8, 10, 6],
			"faces": {
				"north": {"uv": [0, 0, 16, 16], "texture": "#0"},
				"up": {"uv": [0, 0, 16, 16], "texture": "#0"}
			}
		},
		{
			"from": [7, 9, 6],
			"to": [8, 10, 7],
			"faces": {
				"up": {"uv": [0, 0, 16, 16], "texture": "#1"},
				"down": {"uv": [0, 0, 16, 16], "texture": "#1"}
			}
		},
		{
			"from": [7, 9, 7],
			"to": [8, 10, 8],
			"faces": {
				"up": {"uv": [0, 0, 16, 16], "texture": "#1"},
				"down": {"uv": [0, 0, 16, 16], "texture": "#1"}
			}
		},
		{
			"from": [7, 9, 8],
			"to": [8, 10, 9],
			"faces": {
				"up": {"uv": [0, 0, 16, 16], "texture": "#1"},
				"down": {"uv": [0, 0, 16, 16], "texture": "#1"}
			}
		},
		{
			"from": [7, 9, 9],
			"to": [8, 10, 10],
			"faces": {
				"up": {"uv": [0, 0, 16, 16], "texture": "#1"},
				"down": {"uv": [0, 0, 16, 16], "texture": "#1"}
			}
		},
		{
			"from": [7, 9, 10],
			"to": [8, 10, 11],
			"faces": {
				"up": {"uv": [0, 0, 16, 16], "texture": "#1"},
				"down": {"uv": [0, 0, 16, 16], "texture": "#1"}
			}
		},
		{
			"from": [7, 9, 11],
			"to": [8, 10, 12],
			"faces": {
				"south": {"uv": [0, 0, 16, 16], "texture": "#1"},
				"up": {"uv": [0, 0, 16, 16], "texture": "#1"},
				"down": {"uv": [0, 0, 16, 16], "texture": "#1"}
			}
		},
		{
			"from": [8, 9, 5],
			"to": [9, 10, 6],
			"faces": {
				"north": {"uv": [0, 0, 16, 16], "texture": "#0"},
				"up": {"uv": [0, 0, 16, 16], "texture": "#0"}
			}
		},
		{
			"from": [8, 9, 6],
			"to": [9, 10, 7],
			"faces": {
				"up": {"uv": [0, 0, 16, 16], "texture": "#1"},
				"down": {"uv": [0, 0, 16, 16], "texture": "#1"}
			}
		},
		{
			"from": [8, 9, 7],
			"to": [9, 10, 8],
			"faces": {
				"up": {"uv": [0, 0, 16, 16], "texture": "#1"},
				"down": {"uv": [0, 0, 16, 16], "texture": "#1"}
			}
		},
		{
			"from": [8, 9, 8],
			"to": [9, 10, 9],
			"faces": {
				"up": {"uv": [0, 0, 16, 16], "texture": "#1"},
				"down": {"uv": [0, 0, 16, 16], "texture": "#1"}
			}
		},
		{
			"from": [8, 9, 9],
			"to": [9, 10, 10],
			"faces": {
				"up": {"uv": [0, 0, 16, 16], "texture": "#1"},
				"down": {"uv": [0, 0, 16, 16], "texture": "#1"}
			}
		},
		{
			"from": [8, 9, 10],
			"to": [9, 10, 11],
			"faces": {
				"up": {"uv": [0, 0, 16, 16], "texture": "#1"},
				"down": {"uv": [0, 0, 16, 16], "texture": "#1"}
			}
		},
		{
			"from": [8, 9, 11],
			"to": [9, 10, 12],
			"faces": {
				"south": {"uv": [0, 0, 16, 16], "texture": "#1"},
				"up": {"uv": [0, 0, 16, 16], "texture": "#1"},
				"down": {"uv": [0, 0, 16, 16], "texture": "#1"}
			}
		},
		{
			"from": [9, 9, 5],
			"to": [10, 10, 6],
			"faces": {
				"north": {"uv": [0, 0, 16, 16], "texture": "#0"},
				"east": {"uv": [0, 0, 16, 16], "texture": "#0"},
				"up": {"uv": [0, 0, 16, 16], "texture": "#0"}
			}
		},
		{
			"from": [9, 9, 6],
			"to": [10, 10, 7],
			"faces": {
				"east": {"uv": [0, 0, 16, 16], "texture": "#1"},
				"up": {"uv": [0, 0, 16, 16], "texture": "#1"},
				"down": {"uv": [0, 0, 16, 16], "texture": "#1"}
			}
		},
		{
			"from": [9, 9, 7],
			"to": [10, 10, 8],
			"faces": {
				"east": {"uv": [0, 0, 16, 16], "texture": "#1"},
				"up": {"uv": [0, 0, 16, 16], "texture": "#1"},
				"down": {"uv": [0, 0, 16, 16], "texture": "#1"}
			}
		},
		{
			"from": [9, 9, 8],
			"to": [10, 10, 9],
			"faces": {
				"east": {"uv": [0, 0, 16, 16], "texture": "#1"},
				"up": {"uv": [0, 0, 16, 16], "texture": "#1"},
				"down": {"uv": [0, 0, 16, 16], "texture": "#1"}
			}
		},
		{
			"from": [9, 9, 9],
			"to": [10, 10, 10],
			"faces": {
				"east": {"uv": [0, 0, 16, 16], "texture": "#1"},
				"up": {"uv": [0, 0, 16, 16], "texture": "#1"},
				"down": {"uv": [0, 0, 16, 16], "texture": "#1"}
			}
		},
		{
			"from": [9, 9, 10],
			"to": [10, 10, 11],
			"faces": {
				"east": {"uv": [0, 0, 16, 16], "texture": "#1"},
				"up": {"uv": [0, 0, 16, 16], "texture": "#1"},
				"down": {"uv": [0, 0, 16, 16], "texture": "#1"}
			}
		},
		{
			"from": [9, 9, 11],
			"to": [10, 10, 12],
			"faces": {
				"east": {"uv": [0, 0, 16, 16], "texture": "#1"},
				"south": {"uv": [0, 0, 16, 16], "texture": "#1"},
				"up": {"uv": [0, 0, 16, 16], "texture": "#1"},
				"down": {"uv": [0, 0, 16, 16], "texture": "#1"}
			}
		},
		{
			"from": [5.375, 0.875, 6.3125],
			"to": [5.625, 1, 6.6875],
			"faces": {
				"north": {"uv": [6, 14, 10, 16], "rotation": 180, "texture": "#2"},
				"east": {"uv": [5, 14, 11, 16], "rotation": 180, "texture": "#2"},
				"south": {"uv": [6, 14, 10, 16], "rotation": 180, "texture": "#2"},
				"west": {"uv": [5, 14, 11, 16], "rotation": 180, "texture": "#2"},
				"down": {"uv": [5, 6, 11, 10], "rotation": 270, "texture": "#2"}
			}
		},
		{
			"from": [9.375, 0.875, 6.3125],
			"to": [9.625, 1, 6.6875],
			"faces": {
				"north": {"uv": [6, 14, 10, 16], "rotation": 180, "texture": "#2"},
				"east": {"uv": [5, 14, 11, 16], "rotation": 180, "texture": "#2"},
				"south": {"uv": [6, 14, 10, 16], "rotation": 180, "texture": "#2"},
				"west": {"uv": [5, 14, 11, 16], "rotation": 180, "texture": "#2"},
				"down": {"uv": [5, 6, 11, 10], "rotation": 270, "texture": "#2"}
			}
		},
		{
			"from": [5.3125, 1.375, 4.875],
			"to": [5.6875, 1.625, 5],
			"faces": {
				"north": {"uv": [5, 6, 11, 10], "texture": "#2"},
				"east": {"uv": [0, 6, 2, 10], "texture": "#2"},
				"west": {"uv": [14, 6, 16, 10], "texture": "#2"},
				"up": {"uv": [5, 14, 11, 16], "texture": "#2"},
				"down": {"uv": [5, 0, 11, 2], "texture": "#2"}
			}
		},
		{
			"from": [6.3125, 1.375, 4.875],
			"to": [6.6875, 1.625, 5],
			"faces": {
				"north": {"uv": [5, 6, 11, 10], "texture": "#2"},
				"east": {"uv": [0, 6, 2, 10], "texture": "#2"},
				"west": {"uv": [14, 6, 16, 10], "texture": "#2"},
				"up": {"uv": [5, 14, 11, 16], "texture": "#2"},
				"down": {"uv": [5, 0, 11, 2], "texture": "#2"}
			}
		},
		{
			"from": [7.3125, 1.375, 4.875],
			"to": [7.6875, 1.625, 5],
			"faces": {
				"north": {"uv": [5, 6, 11, 10], "texture": "#2"},
				"east": {"uv": [0, 6, 2, 10], "texture": "#2"},
				"west": {"uv": [14, 6, 16, 10], "texture": "#2"},
				"up": {"uv": [5, 14, 11, 16], "texture": "#2"},
				"down": {"uv": [5, 0, 11, 2], "texture": "#2"}
			}
		},
		{
			"from": [8.3125, 1.375, 4.875],
			"to": [8.6875, 1.625, 5],
			"faces": {
				"north": {"uv": [5, 6, 11, 10], "texture": "#2"},
				"east": {"uv": [0, 6, 2, 10], "texture": "#2"},
				"west": {"uv": [14, 6, 16, 10], "texture": "#2"},
				"up": {"uv": [5, 14, 11, 16], "texture": "#2"},
				"down": {"uv": [5, 0, 11, 2], "texture": "#2"}
			}
		},
		{
			"from": [9.3125, 1.375, 4.875],
			"to": [9.6875, 1.625, 5],
			"faces": {
				"north": {"uv": [5, 6, 11, 10], "texture": "#2"},
				"east": {"uv": [0, 6, 2, 10], "texture": "#2"},
				"west": {"uv": [14, 6, 16, 10], "texture": "#2"},
				"up": {"uv": [5, 14, 11, 16], "texture": "#2"},
				"down": {"uv": [5, 0, 11, 2], "texture": "#2"}
			}
		},
		{
			"from": [4.3125, 2.375, 4.875],
			"to": [4.6875, 2.625, 5],
			"faces": {
				"north": {"uv": [5, 6, 11, 10], "texture": "#2"},
				"east": {"uv": [0, 6, 2, 10], "texture": "#2"},
				"west": {"uv": [14, 6, 16, 10], "texture": "#2"},
				"up": {"uv": [5, 14, 11, 16], "texture": "#2"},
				"down": {"uv": [5, 0, 11, 2], "texture": "#2"}
			}
		},
		{
			"from": [10.3125, 2.375, 4.875],
			"to": [10.6875, 2.625, 5],
			"faces": {
				"north": {"uv": [5, 6, 11, 10], "texture": "#2"},
				"east": {"uv": [0, 6, 2, 10], "texture": "#2"},
				"west": {"uv": [14, 6, 16, 10], "texture": "#2"},
				"up": {"uv": [5, 14, 11, 16], "texture": "#2"},
				"down": {"uv": [5, 0, 11, 2], "texture": "#2"}
			}
		},
		{
			"from": [2.875, 3.375, 6.3125],
			"to": [3, 3.625, 6.6875],
			"faces": {
				"north": {"uv": [0, 6, 2, 10], "texture": "#2"},
				"south": {"uv": [14, 6, 16, 10], "texture": "#2"},
				"west": {"uv": [5, 6, 11, 10], "texture": "#2"},
				"up": {"uv": [14, 5, 16, 11], "texture": "#2"},
				"down": {"uv": [14, 5, 16, 11], "texture": "#2"}
			}
		},
		{
			"from": [3.3125, 3.375, 4.875],
			"to": [3.6875, 3.625, 5],
			"faces": {
				"north": {"uv": [5, 6, 11, 10], "texture": "#2"},
				"east": {"uv": [0, 6, 2, 10], "texture": "#2"},
				"west": {"uv": [14, 6, 16, 10], "texture": "#2"},
				"up": {"uv": [5, 14, 11, 16], "texture": "#2"},
				"down": {"uv": [5, 0, 11, 2], "texture": "#2"}
			}
		},
		{
			"from": [11.3125, 3.375, 4.875],
			"to": [11.6875, 3.625, 5],
			"faces": {
				"north": {"uv": [5, 6, 11, 10], "texture": "#2"},
				"east": {"uv": [0, 6, 2, 10], "texture": "#2"},
				"west": {"uv": [14, 6, 16, 10], "texture": "#2"},
				"up": {"uv": [5, 14, 11, 16], "texture": "#2"},
				"down": {"uv": [5, 0, 11, 2], "texture": "#2"}
			}
		},
		{
			"from": [12, 3.375, 6.3125],
			"to": [12.125, 3.625, 6.6875],
			"faces": {
				"north": {"uv": [14, 6, 16, 10], "texture": "#2"},
				"east": {"uv": [5, 6, 11, 10], "texture": "#2"},
				"south": {"uv": [0, 6, 2, 10], "texture": "#2"},
				"up": {"uv": [0, 5, 2, 11], "texture": "#2"},
				"down": {"uv": [0, 5, 2, 11], "texture": "#2"}
			}
		},
		{
			"from": [3.3125, 4.375, 4.875],
			"to": [3.6875, 4.625, 5],
			"faces": {
				"north": {"uv": [5, 6, 11, 10], "texture": "#2"},
				"east": {"uv": [0, 6, 2, 10], "texture": "#2"},
				"west": {"uv": [14, 6, 16, 10], "texture": "#2"},
				"up": {"uv": [5, 14, 11, 16], "texture": "#2"},
				"down": {"uv": [5, 0, 11, 2], "texture": "#2"}
			}
		},
		{
			"from": [11.3125, 4.375, 4.875],
			"to": [11.6875, 4.625, 5],
			"faces": {
				"north": {"uv": [5, 6, 11, 10], "texture": "#2"},
				"east": {"uv": [0, 6, 2, 10], "texture": "#2"},
				"west": {"uv": [14, 6, 16, 10], "texture": "#2"},
				"up": {"uv": [5, 14, 11, 16], "texture": "#2"},
				"down": {"uv": [5, 0, 11, 2], "texture": "#2"}
			}
		},
		{
			"from": [3.3125, 5.375, 4.875],
			"to": [3.6875, 5.625, 5],
			"faces": {
				"north": {"uv": [5, 6, 11, 10], "texture": "#2"},
				"east": {"uv": [0, 6, 2, 10], "texture": "#2"},
				"west": {"uv": [14, 6, 16, 10], "texture": "#2"},
				"up": {"uv": [5, 14, 11, 16], "texture": "#2"},
				"down": {"uv": [5, 0, 11, 2], "texture": "#2"}
			}
		},
		{
			"from": [11.3125, 5.375, 4.875],
			"to": [11.6875, 5.625, 5],
			"faces": {
				"north": {"uv": [5, 6, 11, 10], "texture": "#2"},
				"east": {"uv": [0, 6, 2, 10], "texture": "#2"},
				"west": {"uv": [14, 6, 16, 10], "texture": "#2"},
				"up": {"uv": [5, 14, 11, 16], "texture": "#2"},
				"down": {"uv": [5, 0, 11, 2], "texture": "#2"}
			}
		},
		{
			"from": [3.3125, 6.375, 4.875],
			"to": [3.6875, 6.625, 5],
			"faces": {
				"north": {"uv": [5, 6, 11, 10], "texture": "#2"},
				"east": {"uv": [0, 6, 2, 10], "texture": "#2"},
				"west": {"uv": [14, 6, 16, 10], "texture": "#2"},
				"up": {"uv": [5, 14, 11, 16], "texture": "#2"},
				"down": {"uv": [5, 0, 11, 2], "texture": "#2"}
			}
		},
		{
			"from": [11.3125, 6.375, 4.875],
			"to": [11.6875, 6.625, 5],
			"faces": {
				"north": {"uv": [5, 6, 11, 10], "texture": "#2"},
				"east": {"uv": [0, 6, 2, 10], "texture": "#2"},
				"west": {"uv": [14, 6, 16, 10], "texture": "#2"},
				"up": {"uv": [5, 14, 11, 16], "texture": "#2"},
				"down": {"uv": [5, 0, 11, 2], "texture": "#2"}
			}
		},
		{
			"from": [2.875, 7.375, 6.3125],
			"to": [3, 7.625, 6.6875],
			"faces": {
				"north": {"uv": [0, 6, 2, 10], "texture": "#2"},
				"south": {"uv": [14, 6, 16, 10], "texture": "#2"},
				"west": {"uv": [5, 6, 11, 10], "texture": "#2"},
				"up": {"uv": [14, 5, 16, 11], "texture": "#2"},
				"down": {"uv": [14, 5, 16, 11], "texture": "#2"}
			}
		},
		{
			"from": [3.3125, 7.375, 4.875],
			"to": [3.6875, 7.625, 5],
			"faces": {
				"north": {"uv": [5, 6, 11, 10], "texture": "#2"},
				"east": {"uv": [0, 6, 2, 10], "texture": "#2"},
				"west": {"uv": [14, 6, 16, 10], "texture": "#2"},
				"up": {"uv": [5, 14, 11, 16], "texture": "#2"},
				"down": {"uv": [5, 0, 11, 2], "texture": "#2"}
			}
		},
		{
			"from": [11.3125, 7.375, 4.875],
			"to": [11.6875, 7.625, 5],
			"faces": {
				"north": {"uv": [5, 6, 11, 10], "texture": "#2"},
				"east": {"uv": [0, 6, 2, 10], "texture": "#2"},
				"west": {"uv": [14, 6, 16, 10], "texture": "#2"},
				"up": {"uv": [5, 14, 11, 16], "texture": "#2"},
				"down": {"uv": [5, 0, 11, 2], "texture": "#2"}
			}
		},
		{
			"from": [12, 7.375, 6.3125],
			"to": [12.125, 7.625, 6.6875],
			"faces": {
				"north": {"uv": [14, 6, 16, 10], "texture": "#2"},
				"east": {"uv": [5, 6, 11, 10], "texture": "#2"},
				"south": {"uv": [0, 6, 2, 10], "texture": "#2"},
				"up": {"uv": [0, 5, 2, 11], "texture": "#2"},
				"down": {"uv": [0, 5, 2, 11], "texture": "#2"}
			}
		},
		{
			"from": [4.3125, 8.375, 4.875],
			"to": [4.6875, 8.625, 5],
			"faces": {
				"north": {"uv": [5, 6, 11, 10], "texture": "#2"},
				"east": {"uv": [0, 6, 2, 10], "texture": "#2"},
				"west": {"uv": [14, 6, 16, 10], "texture": "#2"},
				"up": {"uv": [5, 14, 11, 16], "texture": "#2"},
				"down": {"uv": [5, 0, 11, 2], "texture": "#2"}
			}
		},
		{
			"from": [10.3125, 8.375, 4.875],
			"to": [10.6875, 8.625, 5],
			"faces": {
				"north": {"uv": [5, 6, 11, 10], "texture": "#2"},
				"east": {"uv": [0, 6, 2, 10], "texture": "#2"},
				"west": {"uv": [14, 6, 16, 10], "texture": "#2"},
				"up": {"uv": [5, 14, 11, 16], "texture": "#2"},
				"down": {"uv": [5, 0, 11, 2], "texture": "#2"}
			}
		},
		{
			"from": [5.3125, 9.375, 4.875],
			"to": [5.6875, 9.625, 5],
			"faces": {
				"north": {"uv": [5, 6, 11, 10], "texture": "#2"},
				"east": {"uv": [0, 6, 2, 10], "texture": "#2"},
				"west": {"uv": [14, 6, 16, 10], "texture": "#2"},
				"up": {"uv": [5, 14, 11, 16], "texture": "#2"},
				"down": {"uv": [5, 0, 11, 2], "texture": "#2"}
			}
		},
		{
			"from": [6.3125, 9.375, 4.875],
			"to": [6.6875, 9.625, 5],
			"faces": {
				"north": {"uv": [5, 6, 11, 10], "texture": "#2"},
				"east": {"uv": [0, 6, 2, 10], "texture": "#2"},
				"west": {"uv": [14, 6, 16, 10], "texture": "#2"},
				"up": {"uv": [5, 14, 11, 16], "texture": "#2"},
				"down": {"uv": [5, 0, 11, 2], "texture": "#2"}
			}
		},
		{
			"from": [7.3125, 9.375, 4.875],
			"to": [7.6875, 9.625, 5],
			"faces": {
				"north": {"uv": [5, 6, 11, 10], "texture": "#2"},
				"east": {"uv": [0, 6, 2, 10], "texture": "#2"},
				"west": {"uv": [14, 6, 16, 10], "texture": "#2"},
				"up": {"uv": [5, 14, 11, 16], "texture": "#2"},
				"down": {"uv": [5, 0, 11, 2], "texture": "#2"}
			}
		},
		{
			"from": [8.3125, 9.375, 4.875],
			"to": [8.6875, 9.625, 5],
			"faces": {
				"north": {"uv": [5, 6, 11, 10], "texture": "#2"},
				"east": {"uv": [0, 6, 2, 10], "texture": "#2"},
				"west": {"uv": [14, 6, 16, 10], "texture": "#2"},
				"up": {"uv": [5, 14, 11, 16], "texture": "#2"},
				"down": {"uv": [5, 0, 11, 2], "texture": "#2"}
			}
		},
		{
			"from": [9.3125, 9.375, 4.875],
			"to": [9.6875, 9.625, 5],
			"faces": {
				"north": {"uv": [5, 6, 11, 10], "texture": "#2"},
				"east": {"uv": [0, 6, 2, 10], "texture": "#2"},
				"west": {"uv": [14, 6, 16, 10], "texture": "#2"},
				"up": {"uv": [5, 14, 11, 16], "texture": "#2"},
				"down": {"uv": [5, 0, 11, 2], "texture": "#2"}
			}
		},
		{
			"from": [5.375, 10, 6.3125],
			"to": [5.625, 10.125, 6.6875],
			"faces": {
				"north": {"uv": [6, 14, 10, 16], "texture": "#2"},
				"east": {"uv": [5, 14, 11, 16], "texture": "#2"},
				"south": {"uv": [6, 14, 10, 16], "texture": "#2"},
				"west": {"uv": [5, 14, 11, 16], "texture": "#2"},
				"up": {"uv": [5, 6, 11, 10], "rotation": 270, "texture": "#2"}
			}
		},
		{
			"from": [9.375, 10, 6.3125],
			"to": [9.625, 10.125, 6.6875],
			"faces": {
				"north": {"uv": [6, 14, 10, 16], "texture": "#2"},
				"east": {"uv": [5, 14, 11, 16], "texture": "#2"},
				"south": {"uv": [6, 14, 10, 16], "texture": "#2"},
				"west": {"uv": [5, 14, 11, 16], "texture": "#2"},
				"up": {"uv": [5, 6, 11, 10], "rotation": 270, "texture": "#2"}
			}
		}
	]
}