{
	"credit": "Made with Blockbench",
	"texture_size": [8, 8],
	"textures": {
		"0": "item/darkmatter_collector",
		"1": "item/darkmatter_collector_screen",
		"particle": "item/darkmatter_collector"
	},
	"elements": [
		{
			"from": [4, 6, 5],
			"to": [12, 12, 11],
			"faces": {
				"north": {"uv": [6.5, 0, 8.5, 1.5], "texture": "#0"},
				"east": {"uv": [0, 8, 1.5, 9.5], "texture": "#0"},
				"south": {"uv": [6.5, 4, 8.5, 5.5], "texture": "#0"},
				"west": {"uv": [8, 7, 9.5, 8.5], "texture": "#0"},
				"up": {"uv": [8.5, 7, 6.5, 5.5], "texture": "#0"},
				"down": {"uv": [3.5, 7, 1.5, 8.5], "texture": "#0"}
			}
		},
		{
			"from": [5, 5, 5],
			"to": [11, 13, 11],
			"faces": {
				"north": {"uv": [3.5, 5, 5, 7], "texture": "#0"},
				"east": {"uv": [5, 5, 6.5, 7], "texture": "#0"},
				"south": {"uv": [5.5, 2, 7, 4], "texture": "#0"},
				"west": {"uv": [0, 6, 1.5, 8], "texture": "#0"},
				"up": {"uv": [6.5, 8.5, 5, 7], "texture": "#0"},
				"down": {"uv": [8, 7, 6.5, 8.5], "texture": "#0"}
			}
		},
		{
			"from": [5, 6, 2],
			"to": [11, 12, 14],
			"faces": {
				"north": {"uv": [7, 1.5, 8.5, 3], "texture": "#0"},
				"east": {"uv": [0, 0, 3, 1.5], "texture": "#0"},
				"south": {"uv": [3.5, 7, 5, 8.5], "texture": "#0"},
				"west": {"uv": [0, 1.5, 3, 3], "texture": "#0"},
				"up": {"uv": [1.5, 6, 0, 3], "texture": "#0"},
				"down": {"uv": [4.5, 0, 3, 3], "texture": "#0"}
			}
		},
		{
			"from": [6, 13, 6],
			"to": [10, 15, 10],
			"faces": {
				"north": {"uv": [0.5, 9.5, 1.5, 10], "texture": "#0"},
				"east": {"uv": [9.5, 4, 10.5, 4.5], "texture": "#0"},
				"south": {"uv": [9.5, 4.5, 10.5, 5], "texture": "#0"},
				"west": {"uv": [9.5, 5, 10.5, 5.5], "texture": "#0"},
				"up": {"uv": [5.5, 3, 4.5, 2], "texture": "#0"},
				"down": {"uv": [6.5, 4, 5.5, 5], "texture": "#0"}
			}
		},
		{
			"from": [12, 8, 7],
			"to": [14, 10, 9],
			"faces": {
				"north": {"uv": [6.5, 1.5, 7, 2], "texture": "#0"},
				"east": {"uv": [9.5, 5.5, 10, 6], "texture": "#0"},
				"south": {"uv": [9.5, 7, 10, 7.5], "texture": "#0"},
				"west": {"uv": [9.5, 7.5, 10, 8], "texture": "#0"},
				"up": {"uv": [10, 8.5, 9.5, 8], "texture": "#0"},
				"down": {"uv": [10, 8.5, 9.5, 9], "texture": "#0"}
			}
		},
		{
			"from": [4, 5, 14],
			"to": [12, 13, 16],
			"faces": {
				"north": {"uv": [1.5, 3, 3.5, 5], "texture": "#0"},
				"east": {"uv": [9, 4, 9.5, 6], "texture": "#0"},
				"south": {"uv": [3.5, 3, 5.5, 5], "texture": "#0"},
				"west": {"uv": [9, 8.5, 9.5, 10.5], "texture": "#0"},
				"up": {"uv": [11, 6.5, 9, 6], "texture": "#0"},
				"down": {"uv": [11, 6.5, 9, 7], "texture": "#0"}
			}
		},
		{
			"from": [4, 5, 0],
			"to": [12, 13, 2],
			"faces": {
				"north": {"uv": [4.5, 0, 6.5, 2], "texture": "#0"},
				"east": {"uv": [0, 9.5, 0.5, 11.5], "texture": "#0"},
				"south": {"uv": [1.5, 5, 3.5, 7], "texture": "#0"},
				"west": {"uv": [9.5, 0, 10, 2], "texture": "#0"},
				"up": {"uv": [11.5, 2.5, 9.5, 2], "texture": "#0"},
				"down": {"uv": [11.5, 2.5, 9.5, 3], "texture": "#0"}
			}
		},
		{
			"from": [4, 4, 11],
			"to": [6, 15, 13],
			"faces": {
				"north": {"uv": [4, 8.5, 4.5, 11.25], "texture": "#0"},
				"east": {"uv": [8.5, 4, 9, 6.75], "texture": "#0"},
				"south": {"uv": [4.5, 8.5, 5, 11.25], "texture": "#0"},
				"west": {"uv": [5, 8.5, 5.5, 11.25], "texture": "#0"},
				"up": {"uv": [10.5, 0.5, 10, 0], "texture": "#0"},
				"down": {"uv": [1, 10, 0.5, 10.5], "texture": "#0"}
			}
		},
		{
			"from": [10, 4, 11],
			"to": [12, 15, 13],
			"faces": {
				"north": {"uv": [7.5, 8.5, 8, 11.25], "texture": "#0"},
				"east": {"uv": [8, 8.5, 8.5, 11.25], "texture": "#0"},
				"south": {"uv": [8.5, 8.5, 9, 11.25], "texture": "#0"},
				"west": {"uv": [9, 0, 9.5, 2.75], "texture": "#0"},
				"up": {"uv": [10.5, 1.5, 10, 1], "texture": "#0"},
				"down": {"uv": [10.5, 1.5, 10, 2], "texture": "#0"}
			}
		},
		{
			"from": [10, 4, 3],
			"to": [12, 15, 5],
			"faces": {
				"north": {"uv": [5.5, 8.5, 6, 11.25], "texture": "#0"},
				"east": {"uv": [6, 8.5, 6.5, 11.25], "texture": "#0"},
				"south": {"uv": [6.5, 8.5, 7, 11.25], "texture": "#0"},
				"west": {"uv": [7, 8.5, 7.5, 11.25], "texture": "#0"},
				"up": {"uv": [10.5, 1, 10, 0.5], "texture": "#0"},
				"down": {"uv": [1.5, 10, 1, 10.5], "texture": "#0"}
			}
		},
		{
			"from": [4, 4, 3],
			"to": [6, 15, 5],
			"faces": {
				"north": {"uv": [8.5, 0, 9, 2.75], "texture": "#0"},
				"east": {"uv": [2.5, 8.5, 3, 11.25], "texture": "#0"},
				"south": {"uv": [3, 8.5, 3.5, 11.25], "texture": "#0"},
				"west": {"uv": [3.5, 8.5, 4, 11.25], "texture": "#0"},
				"up": {"uv": [10, 9.5, 9.5, 9], "texture": "#0"},
				"down": {"uv": [10, 9.5, 9.5, 10], "texture": "#0"}
			}
		},
		{
			"from": [7, 4, 1],
			"to": [9, 6, 15],
			"faces": {
				"north": {"uv": [10, 5.5, 10.5, 6], "texture": "#0"},
				"east": {"uv": [7, 3, 10.5, 3.5], "texture": "#0"},
				"south": {"uv": [10, 7, 10.5, 7.5], "texture": "#0"},
				"west": {"uv": [7, 3.5, 10.5, 4], "texture": "#0"},
				"up": {"uv": [2, 12, 1.5, 8.5], "texture": "#0"},
				"down": {"uv": [2.5, 8.5, 2, 12], "texture": "#0"}
			}
		},
		{
			"from": [7, 12, 2.5],
			"to": [9, 13, 4.5],
			"faces": {
				"north": {"uv": [8.5, 2.75, 9, 3], "texture": "#0"},
				"east": {"uv": [8.5, 6.75, 9, 7], "texture": "#0"},
				"south": {"uv": [9, 2.75, 9.5, 3], "texture": "#0"},
				"west": {"uv": [9.5, 10, 10, 10.25], "texture": "#0"},
				"up": {"uv": [10.5, 8, 10, 7.5], "texture": "#0"},
				"down": {"uv": [10.5, 8, 10, 8.5], "texture": "#0"}
			}
		},
		{
			"from": [7, 12, 11.5],
			"to": [9, 13, 13.5],
			"faces": {
				"north": {"uv": [10, 9.5, 10.5, 9.75], "texture": "#0"},
				"east": {"uv": [10, 9.75, 10.5, 10], "texture": "#0"},
				"south": {"uv": [10, 10, 10.5, 10.25], "texture": "#0"},
				"west": {"uv": [9.5, 10.25, 10, 10.5], "texture": "#0"},
				"up": {"uv": [10.5, 9, 10, 8.5], "texture": "#0"},
				"down": {"uv": [10.5, 9, 10, 9.5], "texture": "#0"}
			}
		},
		{
			"from": [3.99, 7, 6.5],
			"to": [3.99, 11, 9.5],
			"faces": {
				"north": {"uv": [0, 0, 0, 8], "texture": "#missing"},
				"east": {"uv": [0, 0, 16, 16], "texture": "#missing"},
				"south": {"uv": [0, 0, 0, 8], "texture": "#missing"},
				"west": {"uv": [2, 0, 14, 16], "texture": "#1"},
				"up": {"uv": [0, 6, 0, 0], "texture": "#missing"},
				"down": {"uv": [0, 0, 0, 6], "texture": "#missing"}
			}
		}
	],
	"groups": [
		{
			"name": "group",
			"origin": [0, 0, 0],
			"color": 0,
			"children": [0, 1, 2]
		},
		3,
		4,
		{
			"name": "group",
			"origin": [0, 0, 0],
			"color": 0,
			"children": [5, 6]
		},
		{
			"name": "group",
			"origin": [0, 0, 0],
			"color": 0,
			"children": [7, 8, 9, 10, 11]
		},
		{
			"name": "group",
			"origin": [0, 0, 0],
			"color": 0,
			"children": [12, 13]
		},
		14
	]
}