{
	"credit": "Made with Blockbench",
	"textures": {
		"0": "item/data_probe",
		"1": "item/data_probe_screen",
		"particle": "item/data_probe"
	},
	"elements": [
		{
			"from": [7, 4, 4],
			"to": [9, 7, 6],
			"rotation": {"angle": 0, "axis": "y", "origin": [8, 9.5, 8.25]},
			"faces": {
				"north": {"uv": [13, 3, 14, 4.5], "texture": "#0"},
				"east": {"uv": [4, 13, 5, 14.5], "texture": "#0"},
				"south": {"uv": [13, 4.5, 14, 6], "texture": "#0"},
				"west": {"uv": [3, 13, 4, 14.5], "texture": "#0"},
				"up": {"uv": [6, 14, 5, 13], "rotation": 270, "texture": "#0"},
				"down": {"uv": [7, 13, 6, 14], "rotation": 90, "texture": "#0"}
			}
		},
		{
			"from": [7, 3, 7],
			"to": [9, 7, 9],
			"rotation": {"angle": 0, "axis": "y", "origin": [8, 9.5, 8.25]},
			"faces": {
				"north": {"uv": [12.5, 1, 13.5, 3], "texture": "#0"},
				"east": {"uv": [12.5, 7, 13.5, 9], "texture": "#0"},
				"south": {"uv": [2, 13, 3, 15], "texture": "#0"},
				"west": {"uv": [10, 12, 11, 14], "texture": "#0"},
				"up": {"uv": [14.5, 10, 13.5, 9], "rotation": 270, "texture": "#0"},
				"down": {"uv": [2, 14, 1, 15], "rotation": 90, "texture": "#0"}
			}
		},
		{
			"from": [5, 7, 3],
			"to": [11, 13, 12],
			"rotation": {"angle": 0, "axis": "y", "origin": [8, 9.5, 8.25]},
			"faces": {
				"north": {"uv": [4.5, 7, 7.5, 10], "texture": "#0"},
				"east": {"uv": [4.5, 4, 9, 7], "texture": "#0"},
				"south": {"uv": [7.5, 7, 10.5, 10], "texture": "#0"},
				"west": {"uv": [0, 4, 4.5, 7], "texture": "#0"},
				"up": {"uv": [4.5, 10, 0, 7], "rotation": 270, "texture": "#0"},
				"down": {"uv": [11.5, 0, 7, 3], "rotation": 90, "texture": "#0"}
			}
		},
		{
			"from": [6.39645, 7.85355, 2],
			"to": [10.39645, 11.85355, 3],
			"rotation": {"angle": 45, "axis": "z", "origin": [8, 9.5, 8.25]},
			"faces": {
				"north": {"uv": [11, 3, 13, 5], "texture": "#0"},
				"east": {"uv": [13.5, 7, 14, 9], "texture": "#0"},
				"south": {"uv": [11, 5, 13, 7], "texture": "#0"},
				"west": {"uv": [13.5, 1, 14, 3], "texture": "#0"},
				"up": {"uv": [0.5, 16, 0, 14], "rotation": 270, "texture": "#0"},
				"down": {"uv": [1, 14, 0.5, 16], "rotation": 90, "texture": "#0"}
			}
		},
		{
			"from": [6, 6, 9],
			"to": [10, 14, 16],
			"rotation": {"angle": 0, "axis": "y", "origin": [8, 9.5, 8.25]},
			"faces": {
				"north": {"uv": [9, 3, 11, 7], "texture": "#0"},
				"east": {"uv": [3.5, 0, 7, 4], "texture": "#0"},
				"south": {"uv": [0, 10, 2, 14], "texture": "#0"},
				"west": {"uv": [0, 0, 3.5, 4], "texture": "#0"},
				"up": {"uv": [5.5, 12, 2, 10], "rotation": 270, "texture": "#0"},
				"down": {"uv": [9, 10, 5.5, 12], "rotation": 90, "texture": "#0"}
			}
		},
		{
			"from": [5, 7, 13],
			"to": [11, 9, 15],
			"rotation": {"angle": 0, "axis": "y", "origin": [8, 9.5, 8.25]},
			"faces": {
				"north": {"uv": [10.5, 9, 13.5, 10], "texture": "#0"},
				"east": {"uv": [7, 13, 8, 14], "texture": "#0"},
				"south": {"uv": [11, 10, 14, 11], "texture": "#0"},
				"west": {"uv": [13, 6, 14, 7], "texture": "#0"},
				"up": {"uv": [12, 14, 11, 11], "rotation": 270, "texture": "#0"},
				"down": {"uv": [12.5, 0, 11.5, 3], "rotation": 90, "texture": "#0"}
			}
		},
		{
			"from": [5, 11, 13],
			"to": [11, 13, 15],
			"rotation": {"angle": 0, "axis": "y", "origin": [8, 9.5, 8.25]},
			"faces": {
				"north": {"uv": [2, 12, 5, 13], "texture": "#0"},
				"east": {"uv": [13, 13, 14, 14], "texture": "#0"},
				"south": {"uv": [5, 12, 8, 13], "texture": "#0"},
				"west": {"uv": [12, 13, 13, 14], "texture": "#0"},
				"up": {"uv": [9, 15, 8, 12], "rotation": 270, "texture": "#0"},
				"down": {"uv": [10, 12, 9, 15], "rotation": 90, "texture": "#0"}
			}
		},
		{
			"from": [6, 13, 6],
			"to": [10, 15, 10],
			"rotation": {"angle": 0, "axis": "y", "origin": [8, 5.5, 8.25]},
			"faces": {
				"north": {"uv": [12, 11, 14, 12], "texture": "#0"},
				"east": {"uv": [12, 12, 14, 13], "texture": "#0"},
				"south": {"uv": [12.5, 0, 14.5, 1], "texture": "#0"},
				"west": {"uv": [7, 3, 9, 4], "texture": "#0"},
				"up": {"uv": [11, 12, 9, 10], "rotation": 270, "texture": "#0"},
				"down": {"uv": [12.5, 7, 10.5, 9], "rotation": 90, "texture": "#0"}
			}
		},
		{
			"from": [4.99, 7.5, 4.5],
			"to": [4.99, 12.5, 11],
			"faces": {
				"north": {"uv": [0, 2, 15.5, 14.5], "texture": "#1"},
				"east": {"uv": [0, 2, 15.5, 14.5], "texture": "#1"},
				"south": {"uv": [0, 2, 15.5, 14.5], "texture": "#1"},
				"west": {"uv": [0, 2, 15.5, 14.5], "texture": "#1"},
				"up": {"uv": [0, 2, 15.5, 14.5], "texture": "#1"},
				"down": {"uv": [0, 2, 15.5, 14.5], "texture": "#1"}
			}
		}
	],
	"display": {
		"thirdperson_righthand": {
			"translation": [0, 2.25, -2.75]
		},
		"thirdperson_lefthand": {
			"translation": [0, 2.25, -2.75]
		},
		"ground": {
			"translation": [0, 2, 0]
		},
		"gui": {
			"rotation": [0, 90, 0],
			"translation": [-0.75, -1.5, 0]
		},
		"fixed": {
			"rotation": [0, -90, 0],
			"translation": [1, -1.75, 0],
			"scale": [1.2, 1.2, 1.2]
		}
	}
}