{
	"credit": "Made with Blockbench",
	"texture_size": [32, 32],
	"textures": {
		"0": "item/demon_core",
		"particle": "item/demon_core"
	},
	"elements": [
		{
			"from": [9, 7, 7.5],
			"to": [13, 8, 8.5],
			"faces": {
				"north": {"uv": [0, 12, 2, 12.5], "texture": "#0"},
				"east": {"uv": [9, 10.5, 9.5, 11], "texture": "#0"},
				"south": {"uv": [9, 12, 11, 12.5], "texture": "#0"},
				"west": {"uv": [9.5, 10.5, 10, 11], "texture": "#0"},
				"up": {"uv": [14, 9.5, 12, 9], "texture": "#0"},
				"down": {"uv": [14, 9.5, 12, 10], "texture": "#0"}
			}
		},
		{
			"from": [4, 6.75, 7.25],
			"to": [9, 8.25, 8.75],
			"faces": {
				"north": {"uv": [0, 11.5, 3, 12], "texture": "#0"},
				"east": {"uv": [10, 2.5, 11, 3], "texture": "#0"},
				"south": {"uv": [9, 11.5, 12, 12], "texture": "#0"},
				"west": {"uv": [3, 10, 4, 10.5], "texture": "#0"},
				"up": {"uv": [14, 6.5, 11, 5.5], "texture": "#0"},
				"down": {"uv": [14, 6.5, 11, 7.5], "texture": "#0"}
			}
		}
	],
	"display": {
		"thirdperson_righthand": {
			"rotation": [0, 0, 90]
		},
		"thirdperson_lefthand": {
			"rotation": [0, 0, -90]
		},
		"firstperson_righthand": {
			"rotation": [-64, 0, 90]
		},
		"firstperson_lefthand": {
			"rotation": [-64, 0, -90]
		},
		"gui": {
			"rotation": [0, 0, 39],
			"translation": [-1.25, 0, 0],
			"scale": [2, 2, 2]
		},
		"head": {
			"rotation": [0, 0, -60],
			"translation": [-8, 14.25, 1.5],
			"scale": [2, 2, 2]
		},
		"fixed": {
			"rotation": [0, 0, 39],
			"translation": [-1.25, 0, 0],
			"scale": [2, 2, 2]
		}
	}
}