{
	"credit": "Made with Blockbench",
	"texture_size": [32, 32],
	"textures": {
		"0": "item/demon_core",
		"particle": "item/demon_core"
	},
	"elements": [
		{
			"from": [6, 5, 6],
			"to": [10, 9, 10],
			"faces": {
				"north": {"uv": [10, 9, 12, 11], "texture": "#0"},
				"east": {"uv": [3, 10.5, 5, 12.5], "texture": "#0"},
				"south": {"uv": [5, 10.5, 7, 12.5], "texture": "#0"},
				"west": {"uv": [7, 10.5, 9, 12.5], "texture": "#0"},
				"up": {"uv": [13, 3.5, 11, 1.5], "texture": "#0"},
				"down": {"uv": [13, 3.5, 11, 5.5], "texture": "#0"}
			}
		},
		{
			"from": [4, 3, 4],
			"to": [12, 7, 12],
			"faces": {
				"north": {"uv": [7, 3, 11, 5], "texture": "#0"},
				"east": {"uv": [7, 5, 11, 7], "texture": "#0"},
				"south": {"uv": [7, 7, 11, 9], "texture": "#0"},
				"west": {"uv": [0, 8, 4, 10], "texture": "#0"},
				"up": {"uv": [4, 4, 0, 0], "texture": "#0"},
				"down": {"uv": [4, 4, 0, 8], "texture": "#0"}
			}
		},
		{
			"from": [5, 7, 5],
			"to": [11, 10, 11],
			"faces": {
				"north": {"uv": [4, 9, 7, 10.5], "texture": "#0"},
				"east": {"uv": [7, 9, 10, 10.5], "texture": "#0"},
				"south": {"uv": [0, 10, 3, 11.5], "texture": "#0"},
				"west": {"uv": [10, 0, 13, 1.5], "texture": "#0"},
				"up": {"uv": [7, 3, 4, 0], "texture": "#0"},
				"down": {"uv": [7, 3, 4, 6], "texture": "#0"}
			}
		},
		{
			"from": [7, 1, 7],
			"to": [9, 3, 9],
			"faces": {
				"north": {"uv": [10, 1.5, 11, 2.5], "texture": "#0"},
				"east": {"uv": [2, 12, 3, 13], "texture": "#0"},
				"south": {"uv": [12, 10, 13, 11], "texture": "#0"},
				"west": {"uv": [11, 12, 12, 13], "texture": "#0"},
				"up": {"uv": [13, 12, 12, 11], "texture": "#0"},
				"down": {"uv": [13, 12, 12, 13], "texture": "#0"}
			}
		},
		{
			"from": [5, 0, 5],
			"to": [11, 1, 11],
			"faces": {
				"north": {"uv": [11, 7.5, 14, 8], "texture": "#0"},
				"east": {"uv": [11, 8, 14, 8.5], "texture": "#0"},
				"south": {"uv": [11, 8.5, 14, 9], "texture": "#0"},
				"west": {"uv": [9, 11, 12, 11.5], "texture": "#0"},
				"up": {"uv": [7, 9, 4, 6], "texture": "#0"},
				"down": {"uv": [10, 0, 7, 3], "texture": "#0"}
			}
		}
	]
}