{
	"credit": "Made with Blockbench",
	"textures": {
		"0": "block/oak_log",
		"1": "block/oak_log_top",
		"2": "block/mossy_cobblestone",
		"3": "block/cobblestone",
		"4": "block/oak_planks",
		"5": "block/oak_door_bottom",
		"6": "block/glass_pane_top",
		"7": "block/glass",
		"8": "block/oak_door_top",
		"9": "block/torch"
	},
	"elements": [
		{
			"from": [3, 18, 3],
			"to": [5, 20, 5],
			"rotation": {"angle": 0, "axis": "z", "origin": [8, 25, 8]},
			"faces": {
				"north": {"uv": [0, 0, 16, 16], "texture": "#0"},
				"west": {"uv": [0, 0, 16, 16], "texture": "#0"},
				"down": {"uv": [0, 0, 16, 16], "texture": "#1"}
			}
		},
		{
			"from": [3, 18, 5],
			"to": [5, 20, 7],
			"rotation": {"angle": 0, "axis": "z", "origin": [8, 25, 8]},
			"faces": {
				"west": {"uv": [0, 0, 16, 16], "texture": "#2"},
				"down": {"uv": [0, 0, 16, 16], "texture": "#2"}
			}
		},
		{
			"from": [3, 18, 7],
			"to": [5, 20, 9],
			"rotation": {"angle": 0, "axis": "z", "origin": [8, 25, 8]},
			"faces": {
				"west": {"uv": [0, 0, 16, 16], "texture": "#2"},
				"down": {"uv": [0, 0, 16, 16], "texture": "#2"}
			}
		},
		{
			"from": [3, 18, 9],
			"to": [5, 20, 11],
			"rotation": {"angle": 0, "axis": "z", "origin": [8, 25, 8]},
			"faces": {
				"west": {"uv": [0, 0, 16, 16], "texture": "#3"},
				"down": {"uv": [0, 0, 16, 16], "texture": "#3"}
			}
		},
		{
			"from": [3, 18, 11],
			"to": [5, 20, 13],
			"rotation": {"angle": 0, "axis": "z", "origin": [8, 25, 8]},
			"faces": {
				"south": {"uv": [0, 0, 16, 16], "texture": "#0"},
				"west": {"uv": [0, 0, 16, 16], "texture": "#0"},
				"down": {"uv": [0, 0, 16, 16], "texture": "#1"}
			}
		},
		{
			"from": [5, 18, 3],
			"to": [7, 20, 5],
			"rotation": {"angle": 0, "axis": "z", "origin": [8, 25, 8]},
			"faces": {
				"north": {"uv": [0, 0, 16, 16], "texture": "#3"},
				"down": {"uv": [0, 0, 16, 16], "texture": "#3"}
			}
		},
		{
			"from": [5, 18, 5],
			"to": [7, 20, 7],
			"rotation": {"angle": 0, "axis": "z", "origin": [8, 25, 8]},
			"faces": {
				"up": {"uv": [0, 0, 16, 16], "texture": "#4"},
				"down": {"uv": [0, 0, 16, 16], "texture": "#4"}
			}
		},
		{
			"from": [5, 18, 7],
			"to": [7, 20, 9],
			"rotation": {"angle": 0, "axis": "z", "origin": [8, 25, 8]},
			"faces": {
				"up": {"uv": [0, 0, 16, 16], "texture": "#4"},
				"down": {"uv": [0, 0, 16, 16], "texture": "#4"}
			}
		},
		{
			"from": [5, 18, 9],
			"to": [7, 20, 11],
			"rotation": {"angle": 0, "axis": "z", "origin": [8, 25, 8]},
			"faces": {
				"up": {"uv": [0, 0, 16, 16], "texture": "#4"},
				"down": {"uv": [0, 0, 16, 16], "texture": "#4"}
			}
		},
		{
			"from": [5, 18, 11],
			"to": [7, 20, 13],
			"rotation": {"angle": 0, "axis": "z", "origin": [8, 25, 8]},
			"faces": {
				"south": {"uv": [0, 0, 16, 16], "texture": "#2"},
				"down": {"uv": [0, 0, 16, 16], "texture": "#2"}
			}
		},
		{
			"from": [7, 18, 3],
			"to": [9, 20, 5],
			"rotation": {"angle": 0, "axis": "z", "origin": [8, 25, 8]},
			"faces": {
				"north": {"uv": [0, 0, 16, 16], "texture": "#3"},
				"up": {"uv": [0, 0, 16, 16], "texture": "#3"},
				"down": {"uv": [0, 0, 16, 16], "texture": "#3"}
			}
		},
		{
			"from": [7, 18, 5],
			"to": [9, 20, 7],
			"rotation": {"angle": 0, "axis": "z", "origin": [8, 25, 8]},
			"faces": {
				"up": {"uv": [0, 0, 16, 16], "texture": "#4"},
				"down": {"uv": [0, 0, 16, 16], "texture": "#4"}
			}
		},
		{
			"from": [7, 18, 7],
			"to": [9, 20, 9],
			"rotation": {"angle": 0, "axis": "z", "origin": [8, 25, 8]},
			"faces": {
				"up": {"uv": [0, 0, 16, 16], "texture": "#4"},
				"down": {"uv": [0, 0, 16, 16], "texture": "#4"}
			}
		},
		{
			"from": [7, 18, 9],
			"to": [9, 20, 11],
			"rotation": {"angle": 0, "axis": "z", "origin": [8, 25, 8]},
			"faces": {
				"up": {"uv": [0, 0, 16, 16], "texture": "#4"},
				"down": {"uv": [0, 0, 16, 16], "texture": "#4"}
			}
		},
		{
			"from": [7, 18, 11],
			"to": [9, 20, 13],
			"rotation": {"angle": 0, "axis": "z", "origin": [8, 25, 8]},
			"faces": {
				"south": {"uv": [0, 0, 16, 16], "texture": "#3"},
				"down": {"uv": [0, 0, 16, 16], "texture": "#3"}
			}
		},
		{
			"from": [9, 18, 3],
			"to": [11, 20, 5],
			"rotation": {"angle": 0, "axis": "z", "origin": [8, 25, 8]},
			"faces": {
				"north": {"uv": [0, 0, 16, 16], "texture": "#3"},
				"down": {"uv": [0, 0, 16, 16], "texture": "#3"}
			}
		},
		{
			"from": [9, 18, 5],
			"to": [11, 20, 7],
			"rotation": {"angle": 0, "axis": "z", "origin": [8, 25, 8]},
			"faces": {
				"up": {"uv": [0, 0, 16, 16], "texture": "#4"},
				"down": {"uv": [0, 0, 16, 16], "texture": "#4"}
			}
		},
		{
			"from": [9, 18, 7],
			"to": [11, 20, 9],
			"rotation": {"angle": 0, "axis": "z", "origin": [8, 25, 8]},
			"faces": {
				"up": {"uv": [0, 0, 16, 16], "texture": "#4"},
				"down": {"uv": [0, 0, 16, 16], "texture": "#4"}
			}
		},
		{
			"from": [9, 18, 9],
			"to": [11, 20, 11],
			"rotation": {"angle": 0, "axis": "z", "origin": [8, 25, 8]},
			"faces": {
				"up": {"uv": [0, 0, 16, 16], "texture": "#4"},
				"down": {"uv": [0, 0, 16, 16], "texture": "#4"}
			}
		},
		{
			"from": [9, 18, 11],
			"to": [11, 20, 13],
			"rotation": {"angle": 0, "axis": "z", "origin": [8, 25, 8]},
			"faces": {
				"south": {"uv": [0, 0, 16, 16], "texture": "#3"},
				"down": {"uv": [0, 0, 16, 16], "texture": "#3"}
			}
		},
		{
			"from": [11, 18, 3],
			"to": [13, 20, 5],
			"rotation": {"angle": 0, "axis": "z", "origin": [8, 25, 8]},
			"faces": {
				"north": {"uv": [0, 0, 16, 16], "texture": "#0"},
				"east": {"uv": [0, 0, 16, 16], "texture": "#0"},
				"down": {"uv": [0, 0, 16, 16], "texture": "#1"}
			}
		},
		{
			"from": [11, 18, 5],
			"to": [13, 20, 7],
			"rotation": {"angle": 0, "axis": "z", "origin": [8, 25, 8]},
			"faces": {
				"east": {"uv": [0, 0, 16, 16], "texture": "#3"},
				"down": {"uv": [0, 0, 16, 16], "texture": "#3"}
			}
		},
		{
			"from": [11, 18, 7],
			"to": [13, 20, 9],
			"rotation": {"angle": 0, "axis": "z", "origin": [8, 25, 8]},
			"faces": {
				"east": {"uv": [0, 0, 16, 16], "texture": "#3"},
				"down": {"uv": [0, 0, 16, 16], "texture": "#3"}
			}
		},
		{
			"from": [11, 18, 9],
			"to": [13, 20, 11],
			"rotation": {"angle": 0, "axis": "z", "origin": [8, 25, 8]},
			"faces": {
				"east": {"uv": [0, 0, 16, 16], "texture": "#3"},
				"down": {"uv": [0, 0, 16, 16], "texture": "#3"}
			}
		},
		{
			"from": [11, 18, 11],
			"to": [13, 20, 13],
			"rotation": {"angle": 0, "axis": "z", "origin": [8, 25, 8]},
			"faces": {
				"east": {"uv": [0, 0, 16, 16], "texture": "#0"},
				"south": {"uv": [0, 0, 16, 16], "texture": "#0"},
				"down": {"uv": [0, 0, 16, 16], "texture": "#1"}
			}
		},
		{
			"from": [3, 20, 3],
			"to": [5, 22, 5],
			"rotation": {"angle": 0, "axis": "z", "origin": [8, 25, 8]},
			"faces": {
				"north": {"uv": [0, 0, 16, 16], "texture": "#0"},
				"west": {"uv": [0, 0, 16, 16], "texture": "#0"}
			}
		},
		{
			"from": [3, 20, 5],
			"to": [5, 22, 7],
			"rotation": {"angle": 0, "axis": "z", "origin": [8, 25, 8]},
			"faces": {
				"east": {"uv": [0, 0, 16, 16], "texture": "#2"},
				"west": {"uv": [0, 0, 16, 16], "texture": "#2"}
			}
		},
		{
			"from": [3, 20, 7],
			"to": [5, 22, 9],
			"rotation": {"angle": 0, "axis": "z", "origin": [8, 25, 8]},
			"faces": {
				"east": {"uv": [0, 0, 16, 16], "texture": "#3"},
				"west": {"uv": [0, 0, 16, 16], "texture": "#3"},
				"up": {"uv": [0, 0, 16, 16], "texture": "#3"}
			}
		},
		{
			"from": [3, 20, 9],
			"to": [5, 22, 11],
			"rotation": {"angle": 0, "axis": "z", "origin": [8, 25, 8]},
			"faces": {
				"east": {"uv": [0, 0, 16, 16], "texture": "#3"},
				"west": {"uv": [0, 0, 16, 16], "texture": "#3"}
			}
		},
		{
			"from": [3, 20, 11],
			"to": [5, 22, 13],
			"rotation": {"angle": 0, "axis": "z", "origin": [8, 25, 8]},
			"faces": {
				"south": {"uv": [0, 0, 16, 16], "texture": "#0"},
				"west": {"uv": [0, 0, 16, 16], "texture": "#0"}
			}
		},
		{
			"from": [5, 20, 3],
			"to": [7, 22, 5],
			"rotation": {"angle": 0, "axis": "z", "origin": [8, 25, 8]},
			"faces": {
				"north": {"uv": [0, 0, 16, 16], "texture": "#3"},
				"east": {"uv": [0, 0, 16, 16], "texture": "#3"},
				"south": {"uv": [0, 0, 16, 16], "texture": "#3"}
			}
		},
		{
			"from": [5, 20, 11],
			"to": [7, 22, 13],
			"rotation": {"angle": 0, "axis": "z", "origin": [8, 25, 8]},
			"faces": {
				"north": {"uv": [0, 0, 16, 16], "texture": "#3"},
				"south": {"uv": [0, 0, 16, 16], "texture": "#3"}
			}
		},
		{
			"from": [7, 20, 11],
			"to": [9, 22, 13],
			"rotation": {"angle": 0, "axis": "z", "origin": [8, 25, 8]},
			"faces": {
				"north": {"uv": [0, 0, 16, 16], "texture": "#3"},
				"south": {"uv": [0, 0, 16, 16], "texture": "#3"},
				"up": {"uv": [0, 0, 16, 16], "texture": "#3"}
			}
		},
		{
			"from": [9, 20, 3],
			"to": [11, 22, 5],
			"rotation": {"angle": 0, "axis": "z", "origin": [8, 25, 8]},
			"faces": {
				"north": {"uv": [0, 0, 16, 16], "texture": "#2"},
				"south": {"uv": [0, 0, 16, 16], "texture": "#2"},
				"west": {"uv": [0, 0, 16, 16], "texture": "#2"}
			}
		},
		{
			"from": [9, 20, 11],
			"to": [11, 22, 13],
			"rotation": {"angle": 0, "axis": "z", "origin": [8, 25, 8]},
			"faces": {
				"north": {"uv": [0, 0, 16, 16], "texture": "#3"},
				"south": {"uv": [0, 0, 16, 16], "texture": "#3"}
			}
		},
		{
			"from": [11, 20, 3],
			"to": [13, 22, 5],
			"rotation": {"angle": 0, "axis": "z", "origin": [8, 25, 8]},
			"faces": {
				"north": {"uv": [0, 0, 16, 16], "texture": "#0"},
				"east": {"uv": [0, 0, 16, 16], "texture": "#0"}
			}
		},
		{
			"from": [11, 20, 5],
			"to": [13, 22, 7],
			"rotation": {"angle": 0, "axis": "z", "origin": [8, 25, 8]},
			"faces": {
				"east": {"uv": [0, 0, 16, 16], "texture": "#3"},
				"west": {"uv": [0, 0, 16, 16], "texture": "#3"}
			}
		},
		{
			"from": [11, 20, 7],
			"to": [13, 22, 9],
			"rotation": {"angle": 0, "axis": "z", "origin": [8, 25, 8]},
			"faces": {
				"east": {"uv": [0, 0, 16, 16], "texture": "#3"},
				"west": {"uv": [0, 0, 16, 16], "texture": "#3"},
				"up": {"uv": [0, 0, 16, 16], "texture": "#3"}
			}
		},
		{
			"from": [11, 20, 9],
			"to": [13, 22, 11],
			"rotation": {"angle": 0, "axis": "z", "origin": [8, 25, 8]},
			"faces": {
				"east": {"uv": [0, 0, 16, 16], "texture": "#3"},
				"west": {"uv": [0, 0, 16, 16], "texture": "#3"}
			}
		},
		{
			"from": [11, 20, 11],
			"to": [13, 22, 13],
			"rotation": {"angle": 0, "axis": "z", "origin": [8, 25, 8]},
			"faces": {
				"east": {"uv": [0, 0, 16, 16], "texture": "#0"},
				"south": {"uv": [0, 0, 16, 16], "texture": "#0"}
			}
		},
		{
			"from": [3, 22, 3],
			"to": [5, 24, 5],
			"rotation": {"angle": 0, "axis": "z", "origin": [8, 25, 8]},
			"faces": {
				"north": {"uv": [0, 0, 16, 16], "texture": "#0"},
				"west": {"uv": [0, 0, 16, 16], "texture": "#0"}
			}
		},
		{
			"from": [3, 22, 5],
			"to": [5, 24, 7],
			"rotation": {"angle": 0, "axis": "z", "origin": [8, 25, 8]},
			"faces": {
				"east": {"uv": [0, 0, 16, 16], "rotation": 90, "texture": "#0"},
				"south": {"uv": [0, 0, 16, 16], "texture": "#1"},
				"west": {"uv": [0, 0, 16, 16], "rotation": 270, "texture": "#0"}
			}
		},
		{
			"from": [3, 22, 9],
			"to": [5, 24, 11],
			"rotation": {"angle": 0, "axis": "z", "origin": [8, 25, 8]},
			"faces": {
				"north": {"uv": [0, 0, 16, 16], "texture": "#1"},
				"east": {"uv": [0, 0, 16, 16], "rotation": 90, "texture": "#0"},
				"west": {"uv": [0, 0, 16, 16], "rotation": 270, "texture": "#0"}
			}
		},
		{
			"from": [3, 22, 11],
			"to": [5, 24, 13],
			"rotation": {"angle": 0, "axis": "z", "origin": [8, 25, 8]},
			"faces": {
				"south": {"uv": [0, 0, 16, 16], "texture": "#0"},
				"west": {"uv": [0, 0, 16, 16], "texture": "#0"}
			}
		},
		{
			"from": [5, 22, 3],
			"to": [7, 24, 5],
			"rotation": {"angle": 0, "axis": "z", "origin": [8, 25, 8]},
			"faces": {
				"north": {"uv": [0, 0, 16, 16], "texture": "#3"},
				"east": {"uv": [0, 0, 16, 16], "texture": "#3"},
				"south": {"uv": [0, 0, 16, 16], "texture": "#3"}
			}
		},
		{
			"from": [5, 22, 11],
			"to": [7, 24, 13],
			"rotation": {"angle": 0, "axis": "z", "origin": [8, 25, 8]},
			"faces": {
				"north": {"uv": [0, 0, 16, 16], "texture": "#3"},
				"east": {"uv": [0, 0, 16, 16], "texture": "#3"},
				"south": {"uv": [0, 0, 16, 16], "texture": "#3"}
			}
		},
		{
			"from": [9, 22, 3],
			"to": [11, 24, 5],
			"rotation": {"angle": 0, "axis": "z", "origin": [8, 25, 8]},
			"faces": {
				"north": {"uv": [0, 0, 16, 16], "texture": "#2"},
				"south": {"uv": [0, 0, 16, 16], "texture": "#2"},
				"west": {"uv": [0, 0, 16, 16], "texture": "#2"}
			}
		},
		{
			"from": [9, 22, 11],
			"to": [11, 24, 13],
			"rotation": {"angle": 0, "axis": "z", "origin": [8, 25, 8]},
			"faces": {
				"north": {"uv": [0, 0, 16, 16], "texture": "#3"},
				"south": {"uv": [0, 0, 16, 16], "texture": "#3"},
				"west": {"uv": [0, 0, 16, 16], "texture": "#3"}
			}
		},
		{
			"from": [11, 22, 3],
			"to": [13, 24, 5],
			"rotation": {"angle": 0, "axis": "z", "origin": [8, 25, 8]},
			"faces": {
				"north": {"uv": [0, 0, 16, 16], "texture": "#0"},
				"east": {"uv": [0, 0, 16, 16], "texture": "#0"}
			}
		},
		{
			"from": [11, 22, 5],
			"to": [13, 24, 7],
			"rotation": {"angle": 0, "axis": "z", "origin": [8, 25, 8]},
			"faces": {
				"east": {"uv": [0, 0, 16, 16], "rotation": 90, "texture": "#0"},
				"south": {"uv": [0, 0, 16, 16], "texture": "#1"},
				"west": {"uv": [0, 0, 16, 16], "rotation": 270, "texture": "#0"}
			}
		},
		{
			"from": [11, 22, 9],
			"to": [13, 24, 11],
			"rotation": {"angle": 0, "axis": "z", "origin": [8, 25, 8]},
			"faces": {
				"north": {"uv": [0, 0, 16, 16], "texture": "#1"},
				"east": {"uv": [0, 0, 16, 16], "rotation": 90, "texture": "#0"},
				"west": {"uv": [0, 0, 16, 16], "rotation": 270, "texture": "#0"}
			}
		},
		{
			"from": [11, 22, 11],
			"to": [13, 24, 13],
			"rotation": {"angle": 0, "axis": "z", "origin": [8, 25, 8]},
			"faces": {
				"east": {"uv": [0, 0, 16, 16], "texture": "#0"},
				"south": {"uv": [0, 0, 16, 16], "texture": "#0"}
			}
		},
		{
			"from": [3, 24, 3],
			"to": [5, 26, 5],
			"rotation": {"angle": 0, "axis": "z", "origin": [8, 25, 8]},
			"faces": {
				"north": {"uv": [0, 0, 16, 16], "texture": "#0"},
				"west": {"uv": [0, 0, 16, 16], "texture": "#0"}
			}
		},
		{
			"from": [3, 24, 5],
			"to": [5, 26, 7],
			"rotation": {"angle": 0, "axis": "z", "origin": [8, 25, 8]},
			"faces": {
				"east": {"uv": [0, 0, 16, 16], "texture": "#3"},
				"west": {"uv": [0, 0, 16, 16], "texture": "#3"}
			}
		},
		{
			"from": [3, 24, 7],
			"to": [5, 26, 9],
			"rotation": {"angle": 0, "axis": "z", "origin": [8, 25, 8]},
			"faces": {
				"east": {"uv": [0, 0, 16, 16], "texture": "#3"},
				"west": {"uv": [0, 0, 16, 16], "texture": "#3"},
				"down": {"uv": [0, 0, 16, 16], "texture": "#3"}
			}
		},
		{
			"from": [3, 24, 9],
			"to": [5, 26, 11],
			"rotation": {"angle": 0, "axis": "z", "origin": [8, 25, 8]},
			"faces": {
				"east": {"uv": [0, 0, 16, 16], "texture": "#3"},
				"west": {"uv": [0, 0, 16, 16], "texture": "#3"}
			}
		},
		{
			"from": [3, 24, 11],
			"to": [5, 26, 13],
			"rotation": {"angle": 0, "axis": "z", "origin": [8, 25, 8]},
			"faces": {
				"south": {"uv": [0, 0, 16, 16], "texture": "#0"},
				"west": {"uv": [0, 0, 16, 16], "texture": "#0"}
			}
		},
		{
			"from": [5, 24, 3],
			"to": [7, 26, 5],
			"rotation": {"angle": 0, "axis": "z", "origin": [8, 25, 8]},
			"faces": {
				"north": {"uv": [0, 0, 16, 16], "texture": "#3"},
				"south": {"uv": [0, 0, 16, 16], "texture": "#3"}
			}
		},
		{
			"from": [5, 24, 11],
			"to": [7, 26, 13],
			"rotation": {"angle": 0, "axis": "z", "origin": [8, 25, 8]},
			"faces": {
				"north": {"uv": [0, 0, 16, 16], "texture": "#3"},
				"south": {"uv": [0, 0, 16, 16], "texture": "#3"}
			}
		},
		{
			"from": [7, 24, 3],
			"to": [9, 26, 5],
			"rotation": {"angle": 0, "axis": "z", "origin": [8, 25, 8]},
			"faces": {
				"north": {"uv": [0, 0, 16, 16], "texture": "#3"},
				"south": {"uv": [0, 0, 16, 16], "texture": "#3"},
				"down": {"uv": [0, 0, 16, 16], "texture": "#3"}
			}
		},
		{
			"from": [7, 24, 11],
			"to": [9, 26, 13],
			"rotation": {"angle": 0, "axis": "z", "origin": [8, 25, 8]},
			"faces": {
				"north": {"uv": [0, 0, 16, 16], "texture": "#3"},
				"south": {"uv": [0, 0, 16, 16], "texture": "#3"},
				"down": {"uv": [0, 0, 16, 16], "texture": "#3"}
			}
		},
		{
			"from": [9, 24, 3],
			"to": [11, 26, 5],
			"rotation": {"angle": 0, "axis": "z", "origin": [8, 25, 8]},
			"faces": {
				"north": {"uv": [0, 0, 16, 16], "texture": "#3"},
				"south": {"uv": [0, 0, 16, 16], "texture": "#3"}
			}
		},
		{
			"from": [9, 24, 11],
			"to": [11, 26, 13],
			"rotation": {"angle": 0, "axis": "z", "origin": [8, 25, 8]},
			"faces": {
				"north": {"uv": [0, 0, 16, 16], "texture": "#3"},
				"south": {"uv": [0, 0, 16, 16], "texture": "#3"}
			}
		},
		{
			"from": [11, 24, 3],
			"to": [13, 26, 5],
			"rotation": {"angle": 0, "axis": "z", "origin": [8, 25, 8]},
			"faces": {
				"north": {"uv": [0, 0, 16, 16], "texture": "#0"},
				"east": {"uv": [0, 0, 16, 16], "texture": "#0"}
			}
		},
		{
			"from": [11, 24, 5],
			"to": [13, 26, 7],
			"rotation": {"angle": 0, "axis": "z", "origin": [8, 25, 8]},
			"faces": {
				"east": {"uv": [0, 0, 16, 16], "texture": "#3"},
				"west": {"uv": [0, 0, 16, 16], "texture": "#3"}
			}
		},
		{
			"from": [11, 24, 7],
			"to": [13, 26, 9],
			"rotation": {"angle": 0, "axis": "z", "origin": [8, 25, 8]},
			"faces": {
				"east": {"uv": [0, 0, 16, 16], "texture": "#2"},
				"west": {"uv": [0, 0, 16, 16], "texture": "#2"},
				"down": {"uv": [0, 0, 16, 16], "texture": "#2"}
			}
		},
		{
			"from": [11, 24, 9],
			"to": [13, 26, 11],
			"rotation": {"angle": 0, "axis": "z", "origin": [8, 25, 8]},
			"faces": {
				"east": {"uv": [0, 0, 16, 16], "texture": "#3"},
				"west": {"uv": [0, 0, 16, 16], "texture": "#3"}
			}
		},
		{
			"from": [11, 24, 11],
			"to": [13, 26, 13],
			"rotation": {"angle": 0, "axis": "z", "origin": [8, 25, 8]},
			"faces": {
				"east": {"uv": [0, 0, 16, 16], "texture": "#0"},
				"south": {"uv": [0, 0, 16, 16], "texture": "#0"}
			}
		},
		{
			"from": [3, 26, 3],
			"to": [5, 28, 5],
			"rotation": {"angle": 0, "axis": "z", "origin": [8, 25, 8]},
			"faces": {
				"north": {"uv": [0, 0, 16, 16], "texture": "#0"},
				"west": {"uv": [0, 0, 16, 16], "texture": "#0"},
				"up": {"uv": [0, 0, 16, 16], "texture": "#1"}
			}
		},
		{
			"from": [3, 26, 5],
			"to": [5, 28, 7],
			"rotation": {"angle": 0, "axis": "z", "origin": [8, 25, 8]},
			"faces": {
				"east": {"uv": [0, 0, 16, 16], "texture": "#4"},
				"west": {"uv": [0, 0, 16, 16], "texture": "#4"},
				"up": {"uv": [0, 0, 16, 16], "texture": "#4"}
			}
		},
		{
			"from": [3, 26, 7],
			"to": [5, 28, 9],
			"rotation": {"angle": 0, "axis": "z", "origin": [8, 25, 8]},
			"faces": {
				"east": {"uv": [0, 0, 16, 16], "texture": "#4"},
				"west": {"uv": [0, 0, 16, 16], "texture": "#4"},
				"up": {"uv": [0, 0, 16, 16], "texture": "#4"}
			}
		},
		{
			"from": [3, 26, 9],
			"to": [5, 28, 11],
			"rotation": {"angle": 0, "axis": "z", "origin": [8, 25, 8]},
			"faces": {
				"east": {"uv": [0, 0, 16, 16], "texture": "#4"},
				"west": {"uv": [0, 0, 16, 16], "texture": "#4"},
				"up": {"uv": [0, 0, 16, 16], "texture": "#4"}
			}
		},
		{
			"from": [3, 26, 11],
			"to": [5, 28, 13],
			"rotation": {"angle": 0, "axis": "z", "origin": [8, 25, 8]},
			"faces": {
				"south": {"uv": [0, 0, 16, 16], "texture": "#0"},
				"west": {"uv": [0, 0, 16, 16], "texture": "#0"},
				"up": {"uv": [0, 0, 16, 16], "texture": "#1"}
			}
		},
		{
			"from": [5, 26, 3],
			"to": [7, 28, 5],
			"rotation": {"angle": 0, "axis": "z", "origin": [8, 25, 8]},
			"faces": {
				"north": {"uv": [0, 0, 16, 16], "rotation": 270, "texture": "#0"},
				"south": {"uv": [0, 0, 16, 16], "rotation": 90, "texture": "#0"}
			}
		},
		{
			"from": [5, 26, 11],
			"to": [7, 28, 13],
			"rotation": {"angle": 0, "axis": "z", "origin": [8, 25, 8]},
			"faces": {
				"north": {"uv": [0, 0, 16, 16], "rotation": 270, "texture": "#0"},
				"south": {"uv": [0, 0, 16, 16], "rotation": 90, "texture": "#0"}
			}
		},
		{
			"from": [7, 26, 3],
			"to": [9, 28, 5],
			"rotation": {"angle": 0, "axis": "z", "origin": [8, 25, 8]},
			"faces": {
				"north": {"uv": [0, 0, 16, 16], "rotation": 270, "texture": "#0"},
				"south": {"uv": [0, 0, 16, 16], "rotation": 90, "texture": "#0"}
			}
		},
		{
			"from": [7, 26, 11],
			"to": [9, 28, 13],
			"rotation": {"angle": 0, "axis": "z", "origin": [8, 25, 8]},
			"faces": {
				"north": {"uv": [0, 0, 16, 16], "rotation": 270, "texture": "#0"},
				"south": {"uv": [0, 0, 16, 16], "rotation": 90, "texture": "#0"}
			}
		},
		{
			"from": [9, 26, 3],
			"to": [11, 28, 5],
			"rotation": {"angle": 0, "axis": "z", "origin": [8, 25, 8]},
			"faces": {
				"north": {"uv": [0, 0, 16, 16], "rotation": 270, "texture": "#0"},
				"south": {"uv": [0, 0, 16, 16], "rotation": 90, "texture": "#0"}
			}
		},
		{
			"from": [9, 26, 11],
			"to": [11, 28, 13],
			"rotation": {"angle": 0, "axis": "z", "origin": [8, 25, 8]},
			"faces": {
				"north": {"uv": [0, 0, 16, 16], "rotation": 270, "texture": "#0"},
				"south": {"uv": [0, 0, 16, 16], "rotation": 90, "texture": "#0"}
			}
		},
		{
			"from": [11, 26, 3],
			"to": [13, 28, 5],
			"rotation": {"angle": 0, "axis": "z", "origin": [8, 25, 8]},
			"faces": {
				"north": {"uv": [0, 0, 16, 16], "texture": "#0"},
				"east": {"uv": [0, 0, 16, 16], "texture": "#0"},
				"up": {"uv": [0, 0, 16, 16], "texture": "#1"}
			}
		},
		{
			"from": [11, 26, 5],
			"to": [13, 28, 7],
			"rotation": {"angle": 0, "axis": "z", "origin": [8, 25, 8]},
			"faces": {
				"east": {"uv": [0, 0, 16, 16], "texture": "#4"},
				"west": {"uv": [0, 0, 16, 16], "texture": "#4"},
				"up": {"uv": [0, 0, 16, 16], "texture": "#4"}
			}
		},
		{
			"from": [11, 26, 7],
			"to": [13, 28, 9],
			"rotation": {"angle": 0, "axis": "z", "origin": [8, 25, 8]},
			"faces": {
				"east": {"uv": [0, 0, 16, 16], "texture": "#4"},
				"west": {"uv": [0, 0, 16, 16], "texture": "#4"},
				"up": {"uv": [0, 0, 16, 16], "texture": "#4"}
			}
		},
		{
			"from": [11, 26, 9],
			"to": [13, 28, 11],
			"rotation": {"angle": 0, "axis": "z", "origin": [8, 25, 8]},
			"faces": {
				"east": {"uv": [0, 0, 16, 16], "texture": "#4"},
				"west": {"uv": [0, 0, 16, 16], "texture": "#4"},
				"up": {"uv": [0, 0, 16, 16], "texture": "#4"}
			}
		},
		{
			"from": [11, 26, 11],
			"to": [13, 28, 13],
			"rotation": {"angle": 0, "axis": "z", "origin": [8, 25, 8]},
			"faces": {
				"east": {"uv": [0, 0, 16, 16], "texture": "#0"},
				"south": {"uv": [0, 0, 16, 16], "texture": "#0"},
				"up": {"uv": [0, 0, 16, 16], "texture": "#1"}
			}
		},
		{
			"from": [5, 28, 3],
			"to": [7, 30, 5],
			"rotation": {"angle": 0, "axis": "z", "origin": [8, 25, 8]},
			"faces": {
				"north": {"uv": [0, 0, 16, 16], "texture": "#3"},
				"west": {"uv": [0, 0, 16, 16], "texture": "#3"},
				"up": {"uv": [0, 0, 16, 16], "texture": "#3"}
			}
		},
		{
			"from": [5, 28, 5],
			"to": [7, 30, 7],
			"rotation": {"angle": 0, "axis": "z", "origin": [8, 25, 8]},
			"faces": {
				"west": {"uv": [0, 0, 16, 16], "texture": "#4"},
				"up": {"uv": [0, 0, 16, 16], "texture": "#4"},
				"down": {"uv": [0, 0, 16, 16], "texture": "#4"}
			}
		},
		{
			"from": [5, 28, 7],
			"to": [7, 30, 9],
			"rotation": {"angle": 0, "axis": "z", "origin": [8, 25, 8]},
			"faces": {
				"east": {"uv": [0, 0, 16, 16], "texture": "#4"},
				"west": {"uv": [0, 0, 16, 16], "texture": "#4"},
				"up": {"uv": [0, 0, 16, 16], "texture": "#4"},
				"down": {"uv": [0, 0, 16, 16], "texture": "#4"}
			}
		},
		{
			"from": [5, 28, 9],
			"to": [7, 30, 11],
			"rotation": {"angle": 0, "axis": "z", "origin": [8, 25, 8]},
			"faces": {
				"west": {"uv": [0, 0, 16, 16], "texture": "#4"},
				"up": {"uv": [0, 0, 16, 16], "texture": "#4"},
				"down": {"uv": [0, 0, 16, 16], "texture": "#4"}
			}
		},
		{
			"from": [5, 28, 11],
			"to": [7, 30, 13],
			"rotation": {"angle": 0, "axis": "z", "origin": [8, 25, 8]},
			"faces": {
				"south": {"uv": [0, 0, 16, 16], "texture": "#3"},
				"west": {"uv": [0, 0, 16, 16], "texture": "#3"},
				"up": {"uv": [0, 0, 16, 16], "texture": "#3"}
			}
		},
		{
			"from": [7, 28, 3],
			"to": [9, 30, 5],
			"rotation": {"angle": 0, "axis": "z", "origin": [8, 25, 8]},
			"faces": {
				"north": {"uv": [0, 0, 16, 16], "texture": "#3"}
			}
		},
		{
			"from": [7, 28, 5],
			"to": [9, 30, 7],
			"rotation": {"angle": 0, "axis": "z", "origin": [8, 25, 8]},
			"faces": {
				"south": {"uv": [0, 0, 16, 16], "texture": "#4"},
				"down": {"uv": [0, 0, 16, 16], "texture": "#4"}
			}
		},
		{
			"from": [7, 28, 9],
			"to": [9, 30, 11],
			"rotation": {"angle": 0, "axis": "z", "origin": [8, 25, 8]},
			"faces": {
				"north": {"uv": [0, 0, 16, 16], "texture": "#4"},
				"down": {"uv": [0, 0, 16, 16], "texture": "#4"}
			}
		},
		{
			"from": [7, 28, 11],
			"to": [9, 30, 13],
			"rotation": {"angle": 0, "axis": "z", "origin": [8, 25, 8]},
			"faces": {
				"south": {"uv": [0, 0, 16, 16], "texture": "#3"}
			}
		},
		{
			"from": [9, 28, 3],
			"to": [11, 30, 5],
			"rotation": {"angle": 0, "axis": "z", "origin": [8, 25, 8]},
			"faces": {
				"north": {"uv": [0, 0, 16, 16], "texture": "#3"},
				"east": {"uv": [0, 0, 16, 16], "texture": "#3"},
				"up": {"uv": [0, 0, 16, 16], "texture": "#3"}
			}
		},
		{
			"from": [9, 28, 5],
			"to": [11, 30, 7],
			"rotation": {"angle": 0, "axis": "z", "origin": [8, 25, 8]},
			"faces": {
				"east": {"uv": [0, 0, 16, 16], "texture": "#4"},
				"up": {"uv": [0, 0, 16, 16], "texture": "#4"},
				"down": {"uv": [0, 0, 16, 16], "texture": "#4"}
			}
		},
		{
			"from": [9, 28, 7],
			"to": [11, 30, 9],
			"rotation": {"angle": 0, "axis": "z", "origin": [8, 25, 8]},
			"faces": {
				"east": {"uv": [0, 0, 16, 16], "texture": "#4"},
				"west": {"uv": [0, 0, 16, 16], "texture": "#4"},
				"up": {"uv": [0, 0, 16, 16], "texture": "#4"},
				"down": {"uv": [0, 0, 16, 16], "texture": "#4"}
			}
		},
		{
			"from": [9, 28, 9],
			"to": [11, 30, 11],
			"rotation": {"angle": 0, "axis": "z", "origin": [8, 25, 8]},
			"faces": {
				"east": {"uv": [0, 0, 16, 16], "texture": "#4"},
				"up": {"uv": [0, 0, 16, 16], "texture": "#4"},
				"down": {"uv": [0, 0, 16, 16], "texture": "#4"}
			}
		},
		{
			"from": [9, 28, 11],
			"to": [11, 30, 13],
			"rotation": {"angle": 0, "axis": "z", "origin": [8, 25, 8]},
			"faces": {
				"east": {"uv": [0, 0, 16, 16], "texture": "#3"},
				"south": {"uv": [0, 0, 16, 16], "texture": "#3"},
				"up": {"uv": [0, 0, 16, 16], "texture": "#3"}
			}
		},
		{
			"from": [7, 30, 1],
			"to": [9, 32, 3],
			"rotation": {"angle": 0, "axis": "z", "origin": [8, 25, 8]},
			"faces": {
				"north": {"uv": [0, 0, 16, 16], "texture": "#4"},
				"east": {"uv": [0, 0, 16, 16], "texture": "#4"},
				"west": {"uv": [0, 0, 16, 16], "texture": "#4"},
				"up": {"uv": [0, 0, 16, 16], "texture": "#4"},
				"down": {"uv": [0, 0, 16, 16], "texture": "#4"}
			}
		},
		{
			"from": [7, 30, 3],
			"to": [9, 32, 5],
			"rotation": {"angle": 0, "axis": "z", "origin": [8, 25, 8]},
			"faces": {
				"east": {"uv": [0, 0, 16, 16], "texture": "#4"},
				"west": {"uv": [0, 0, 16, 16], "texture": "#4"},
				"up": {"uv": [0, 0, 16, 16], "texture": "#4"}
			}
		},
		{
			"from": [7, 30, 5],
			"to": [9, 32, 7],
			"rotation": {"angle": 0, "axis": "z", "origin": [8, 25, 8]},
			"faces": {
				"east": {"uv": [0, 0, 16, 16], "texture": "#4"},
				"west": {"uv": [0, 0, 16, 16], "texture": "#4"},
				"up": {"uv": [0, 0, 16, 16], "texture": "#4"}
			}
		},
		{
			"from": [7, 30, 7],
			"to": [9, 32, 9],
			"rotation": {"angle": 0, "axis": "z", "origin": [8, 25, 8]},
			"faces": {
				"east": {"uv": [0, 0, 16, 16], "texture": "#4"},
				"west": {"uv": [0, 0, 16, 16], "texture": "#4"},
				"up": {"uv": [0, 0, 16, 16], "texture": "#4"},
				"down": {"uv": [0, 0, 16, 16], "texture": "#4"}
			}
		},
		{
			"from": [7, 30, 9],
			"to": [9, 32, 11],
			"rotation": {"angle": 0, "axis": "z", "origin": [8, 25, 8]},
			"faces": {
				"east": {"uv": [0, 0, 16, 16], "texture": "#4"},
				"west": {"uv": [0, 0, 16, 16], "texture": "#4"},
				"up": {"uv": [0, 0, 16, 16], "texture": "#4"}
			}
		},
		{
			"from": [7, 30, 11],
			"to": [9, 32, 13],
			"rotation": {"angle": 0, "axis": "z", "origin": [8, 25, 8]},
			"faces": {
				"east": {"uv": [0, 0, 16, 16], "texture": "#4"},
				"west": {"uv": [0, 0, 16, 16], "texture": "#4"},
				"up": {"uv": [0, 0, 16, 16], "texture": "#4"}
			}
		},
		{
			"from": [7, 30, 13],
			"to": [9, 32, 15],
			"rotation": {"angle": 0, "axis": "z", "origin": [8, 25, 8]},
			"faces": {
				"east": {"uv": [0, 0, 16, 16], "texture": "#4"},
				"south": {"uv": [0, 0, 16, 16], "texture": "#4"},
				"west": {"uv": [0, 0, 16, 16], "texture": "#4"},
				"up": {"uv": [0, 0, 16, 16], "texture": "#4"},
				"down": {"uv": [0, 0, 16, 16], "texture": "#4"}
			}
		},
		{
			"from": [7, 18, 1],
			"to": [9, 19, 3],
			"rotation": {"angle": 0, "axis": "z", "origin": [8, 25, 8]},
			"faces": {
				"north": {"uv": [0, 8, 16, 16], "texture": "#4"},
				"east": {"uv": [0, 8, 16, 16], "texture": "#4"},
				"west": {"uv": [0, 8, 16, 16], "texture": "#4"},
				"up": {"uv": [0, 0, 16, 16], "texture": "#4"},
				"down": {"uv": [0, 0, 16, 16], "texture": "#4"}
			}
		},
		{
			"from": [7, 19, 2],
			"to": [9, 20, 3],
			"rotation": {"angle": 0, "axis": "z", "origin": [8, 25, 8]},
			"faces": {
				"north": {"uv": [0, 0, 16, 8], "texture": "#4"},
				"east": {"uv": [0, 0, 8, 8], "texture": "#4"},
				"west": {"uv": [8, 0, 16, 8], "texture": "#4"},
				"up": {"uv": [0, 8, 16, 16], "texture": "#4"}
			}
		},
		{
			"from": [5, 20, 5],
			"to": [7, 21, 7],
			"rotation": {"angle": 0, "axis": "z", "origin": [8, 25, 8]},
			"faces": {
				"east": {"uv": [0, 8, 16, 16], "texture": "#3"},
				"south": {"uv": [0, 8, 16, 16], "texture": "#3"},
				"up": {"uv": [0, 0, 16, 16], "texture": "#3"}
			}
		},
		{
			"from": [5, 21, 5],
			"to": [6, 22, 7],
			"rotation": {"angle": 0, "axis": "z", "origin": [8, 25, 8]},
			"faces": {
				"east": {"uv": [0, 0, 16, 8], "texture": "#3"},
				"south": {"uv": [0, 0, 8, 8], "texture": "#3"},
				"up": {"uv": [0, 0, 8, 16], "texture": "#3"}
			}
		},
		{
			"from": [5, 20, 7],
			"to": [7, 21, 9],
			"rotation": {"angle": 0, "axis": "z", "origin": [8, 25, 8]},
			"faces": {
				"north": {"uv": [0, 8, 16, 16], "texture": "#3"},
				"east": {"uv": [0, 8, 16, 16], "texture": "#3"},
				"south": {"uv": [0, 8, 16, 16], "texture": "#3"},
				"up": {"uv": [0, 0, 16, 16], "texture": "#3"}
			}
		},
		{
			"from": [5, 21, 7],
			"to": [6, 22, 9],
			"rotation": {"angle": 0, "axis": "z", "origin": [8, 25, 8]},
			"faces": {
				"north": {"uv": [8, 0, 16, 8], "texture": "#3"},
				"east": {"uv": [0, 0, 16, 8], "texture": "#3"},
				"south": {"uv": [0, 0, 8, 8], "texture": "#3"},
				"up": {"uv": [0, 0, 8, 16], "texture": "#3"}
			}
		},
		{
			"from": [5, 20, 9],
			"to": [7, 21, 11],
			"rotation": {"angle": 0, "axis": "z", "origin": [8, 25, 8]},
			"faces": {
				"north": {"uv": [0, 8, 16, 16], "texture": "#3"},
				"east": {"uv": [0, 8, 16, 16], "texture": "#3"},
				"up": {"uv": [0, 0, 16, 16], "texture": "#3"}
			}
		},
		{
			"from": [5, 21, 9],
			"to": [6, 22, 11],
			"rotation": {"angle": 0, "axis": "z", "origin": [8, 25, 8]},
			"faces": {
				"north": {"uv": [8, 0, 16, 8], "texture": "#3"},
				"east": {"uv": [0, 0, 16, 8], "texture": "#3"},
				"up": {"uv": [0, 0, 8, 16], "texture": "#3"}
			}
		},
		{
			"from": [7, 20, 3],
			"to": [9, 22, 3.375],
			"rotation": {"angle": 0, "axis": "z", "origin": [8, 25, 8]},
			"faces": {
				"north": {"uv": [16, 0, 0, 16], "texture": "#5"},
				"south": {"uv": [0, 0, 16, 16], "texture": "#5"}
			}
		},
		{
			"from": [3.875, 22, 7.875],
			"to": [4.125, 24, 8.125],
			"rotation": {"angle": 0, "axis": "z", "origin": [8, 25, 8]},
			"faces": {
				"up": {"uv": [7, 7, 9, 9], "texture": "#6"},
				"down": {"uv": [7, 7, 9, 9], "texture": "#6"}
			}
		},
		{
			"from": [3.875, 22, 7],
			"to": [4.125, 24, 7.875],
			"rotation": {"angle": 0, "axis": "z", "origin": [8, 25, 8]},
			"faces": {
				"east": {"uv": [9, 0, 16, 16], "texture": "#7"},
				"west": {"uv": [16, 0, 9, 16], "texture": "#7"},
				"up": {"uv": [7, 0, 9, 7], "texture": "#6"},
				"down": {"uv": [7, 0, 9, 7], "texture": "#6"}
			}
		},
		{
			"from": [3.875, 22, 8.125],
			"to": [4.125, 24, 9],
			"rotation": {"angle": 0, "axis": "z", "origin": [8, 25, 8]},
			"faces": {
				"east": {"uv": [0, 0, 7, 16], "texture": "#7"},
				"west": {"uv": [7, 0, 0, 16], "texture": "#7"},
				"up": {"uv": [7, 0, 9, 7], "texture": "#6"},
				"down": {"uv": [7, 0, 9, 7], "texture": "#6"}
			}
		},
		{
			"from": [3.875, 22, 7.875],
			"to": [4.125, 24, 8.125],
			"rotation": {"angle": 0, "axis": "z", "origin": [8, 25, 8]},
			"faces": {
				"east": {"uv": [7, 0, 9, 16], "texture": "#7"}
			}
		},
		{
			"from": [3.875, 22, 7.875],
			"to": [4.125, 24, 8.125],
			"rotation": {"angle": 0, "axis": "z", "origin": [8, 25, 8]},
			"faces": {
				"west": {"uv": [9, 0, 7, 16], "texture": "#7"}
			}
		},
		{
			"from": [7, 22, 3],
			"to": [9, 24, 3.375],
			"rotation": {"angle": 0, "axis": "z", "origin": [8, 25, 8]},
			"faces": {
				"north": {"uv": [16, 0, 0, 16], "texture": "#8"},
				"south": {"uv": [0, 0, 16, 16], "texture": "#8"}
			}
		},
		{
			"from": [7.875, 22, 11.875],
			"to": [8.125, 24, 12.125],
			"rotation": {"angle": 0, "axis": "z", "origin": [8, 25, 8]},
			"faces": {
				"up": {"uv": [7, 7, 9, 9], "texture": "#6"},
				"down": {"uv": [7, 7, 9, 9], "texture": "#6"}
			}
		},
		{
			"from": [8.125, 22, 11.875],
			"to": [9, 24, 12.125],
			"rotation": {"angle": 0, "axis": "z", "origin": [8, 25, 8]},
			"faces": {
				"north": {"uv": [16, 0, 9, 16], "texture": "#7"},
				"south": {"uv": [9, 0, 16, 16], "texture": "#7"},
				"up": {"uv": [7, 0, 9, 7], "rotation": 90, "texture": "#6"},
				"down": {"uv": [7, 0, 9, 7], "rotation": 270, "texture": "#6"}
			}
		},
		{
			"from": [7, 22, 11.875],
			"to": [7.875, 24, 12.125],
			"rotation": {"angle": 0, "axis": "z", "origin": [8, 25, 8]},
			"faces": {
				"north": {"uv": [7, 0, 0, 16], "texture": "#7"},
				"south": {"uv": [0, 0, 7, 16], "texture": "#7"},
				"up": {"uv": [7, 0, 9, 7], "rotation": 90, "texture": "#6"},
				"down": {"uv": [7, 0, 9, 7], "rotation": 270, "texture": "#6"}
			}
		},
		{
			"from": [7.875, 22, 11.875],
			"to": [8.125, 24, 12.125],
			"rotation": {"angle": 0, "axis": "z", "origin": [8, 25, 8]},
			"faces": {
				"north": {"uv": [9, 0, 7, 16], "texture": "#7"}
			}
		},
		{
			"from": [7.875, 22, 11.875],
			"to": [8.125, 24, 12.125],
			"rotation": {"angle": 0, "axis": "z", "origin": [8, 25, 8]},
			"faces": {
				"south": {"uv": [7, 0, 9, 16], "texture": "#7"}
			}
		},
		{
			"from": [11.875, 22, 7.875],
			"to": [12.125, 24, 8.125],
			"rotation": {"angle": 0, "axis": "z", "origin": [8, 25, 8]},
			"faces": {
				"up": {"uv": [7, 7, 9, 9], "texture": "#6"},
				"down": {"uv": [7, 7, 9, 9], "texture": "#6"}
			}
		},
		{
			"from": [11.875, 22, 7],
			"to": [12.125, 24, 7.875],
			"rotation": {"angle": 0, "axis": "z", "origin": [8, 25, 8]},
			"faces": {
				"east": {"uv": [9, 0, 16, 16], "texture": "#7"},
				"west": {"uv": [16, 0, 9, 16], "texture": "#7"},
				"up": {"uv": [7, 0, 9, 7], "texture": "#6"},
				"down": {"uv": [7, 0, 9, 7], "texture": "#6"}
			}
		},
		{
			"from": [11.875, 22, 8.125],
			"to": [12.125, 24, 9],
			"rotation": {"angle": 0, "axis": "z", "origin": [8, 25, 8]},
			"faces": {
				"east": {"uv": [0, 0, 7, 16], "texture": "#7"},
				"west": {"uv": [7, 0, 0, 16], "texture": "#7"},
				"up": {"uv": [7, 0, 9, 7], "texture": "#6"},
				"down": {"uv": [7, 0, 9, 7], "texture": "#6"}
			}
		},
		{
			"from": [11.875, 22, 7.875],
			"to": [12.125, 24, 8.125],
			"rotation": {"angle": 0, "axis": "z", "origin": [8, 25, 8]},
			"faces": {
				"east": {"uv": [7, 0, 9, 16], "texture": "#7"}
			}
		},
		{
			"from": [11.875, 22, 7.875],
			"to": [12.125, 24, 8.125],
			"rotation": {"angle": 0, "axis": "z", "origin": [8, 25, 8]},
			"faces": {
				"west": {"uv": [9, 0, 7, 16], "texture": "#7"}
			}
		},
		{
			"from": [7.875, 26.39373, 3.04034],
			"to": [8.125, 27.64373, 3.29034],
			"shade": false,
			"rotation": {"angle": -22.5, "axis": "x", "origin": [8, 25, 8]},
			"faces": {
				"up": {"uv": [7, 6, 9, 8], "rotation": 270, "texture": "#9"},
				"down": {"uv": [7, 13, 9, 15], "rotation": 90, "texture": "#9"}
			}
		},
		{
			"from": [7, 26.39373, 3.04034],
			"to": [9, 28.39373, 3.29034],
			"shade": false,
			"rotation": {"angle": -22.5, "axis": "x", "origin": [8, 25, 8]},
			"faces": {
				"north": {"uv": [0, 0, 16, 16], "texture": "#9"},
				"south": {"uv": [0, 0, 16, 16], "texture": "#9"}
			}
		},
		{
			"from": [7.875, 26.39373, 2.16534],
			"to": [8.125, 28.39373, 4.16534],
			"shade": false,
			"rotation": {"angle": -22.5, "axis": "x", "origin": [8, 25, 8]},
			"faces": {
				"east": {"uv": [0, 0, 16, 16], "texture": "#9"},
				"west": {"uv": [0, 0, 16, 16], "texture": "#9"}
			}
		},
		{
			"from": [7.875, 23.33227, 10.43138],
			"to": [8.125, 24.58227, 10.68138],
			"shade": false,
			"rotation": {"angle": -22.5, "axis": "x", "origin": [8, 25, 8]},
			"faces": {
				"up": {"uv": [7, 6, 9, 8], "rotation": 270, "texture": "#9"},
				"down": {"uv": [7, 13, 9, 15], "rotation": 90, "texture": "#9"}
			}
		},
		{
			"from": [7, 23.33227, 10.43138],
			"to": [9, 25.33227, 10.68138],
			"shade": false,
			"rotation": {"angle": -22.5, "axis": "x", "origin": [8, 25, 8]},
			"faces": {
				"north": {"uv": [0, 0, 16, 16], "texture": "#9"},
				"south": {"uv": [0, 0, 16, 16], "texture": "#9"}
			}
		},
		{
			"from": [7.875, 23.33227, 9.55638],
			"to": [8.125, 25.33227, 11.55638],
			"shade": false,
			"rotation": {"angle": -22.5, "axis": "x", "origin": [8, 25, 8]},
			"faces": {
				"east": {"uv": [0, 0, 16, 16], "texture": "#9"},
				"west": {"uv": [0, 0, 16, 16], "texture": "#9"}
			}
		},
		{
			"from": [1, 26, 1],
			"to": [3, 27, 3],
			"rotation": {"angle": 0, "axis": "z", "origin": [8, 25, 8]},
			"faces": {
				"north": {"uv": [0, 8, 16, 16], "texture": "#4"},
				"east": {"uv": [0, 8, 16, 16], "texture": "#4"},
				"south": {"uv": [0, 8, 16, 16], "texture": "#4"},
				"west": {"uv": [0, 8, 16, 16], "texture": "#4"},
				"up": {"uv": [0, 0, 16, 16], "texture": "#4"},
				"down": {"uv": [0, 0, 16, 16], "texture": "#4"}
			}
		},
		{
			"from": [2, 27, 1],
			"to": [3, 28, 3],
			"rotation": {"angle": 0, "axis": "z", "origin": [8, 25, 8]},
			"faces": {
				"north": {"uv": [0, 0, 8, 8], "texture": "#4"},
				"east": {"uv": [0, 0, 16, 8], "texture": "#4"},
				"south": {"uv": [8, 0, 16, 8], "texture": "#4"},
				"west": {"uv": [0, 0, 16, 8], "texture": "#4"},
				"up": {"uv": [8, 0, 16, 16], "texture": "#4"}
			}
		},
		{
			"from": [1, 26, 3],
			"to": [3, 27, 5],
			"rotation": {"angle": 0, "axis": "z", "origin": [8, 25, 8]},
			"faces": {
				"north": {"uv": [0, 8, 16, 16], "texture": "#4"},
				"south": {"uv": [0, 8, 16, 16], "texture": "#4"},
				"west": {"uv": [0, 8, 16, 16], "texture": "#4"},
				"up": {"uv": [0, 0, 16, 16], "texture": "#4"},
				"down": {"uv": [0, 0, 16, 16], "texture": "#4"}
			}
		},
		{
			"from": [2, 27, 3],
			"to": [3, 28, 5],
			"rotation": {"angle": 0, "axis": "z", "origin": [8, 25, 8]},
			"faces": {
				"north": {"uv": [0, 0, 8, 8], "texture": "#4"},
				"south": {"uv": [8, 0, 16, 8], "texture": "#4"},
				"west": {"uv": [0, 0, 16, 8], "texture": "#4"},
				"up": {"uv": [8, 0, 16, 16], "texture": "#4"}
			}
		},
		{
			"from": [1, 26, 5],
			"to": [3, 27, 7],
			"rotation": {"angle": 0, "axis": "z", "origin": [8, 25, 8]},
			"faces": {
				"north": {"uv": [0, 8, 16, 16], "texture": "#4"},
				"south": {"uv": [0, 8, 16, 16], "texture": "#4"},
				"west": {"uv": [0, 8, 16, 16], "texture": "#4"},
				"up": {"uv": [0, 0, 16, 16], "texture": "#4"},
				"down": {"uv": [0, 0, 16, 16], "texture": "#4"}
			}
		},
		{
			"from": [2, 27, 5],
			"to": [3, 28, 7],
			"rotation": {"angle": 0, "axis": "z", "origin": [8, 25, 8]},
			"faces": {
				"north": {"uv": [0, 0, 8, 8], "texture": "#4"},
				"south": {"uv": [8, 0, 16, 8], "texture": "#4"},
				"west": {"uv": [0, 0, 16, 8], "texture": "#4"},
				"up": {"uv": [8, 0, 16, 16], "texture": "#4"}
			}
		},
		{
			"from": [1, 26, 7],
			"to": [3, 27, 9],
			"rotation": {"angle": 0, "axis": "z", "origin": [8, 25, 8]},
			"faces": {
				"north": {"uv": [0, 8, 16, 16], "texture": "#4"},
				"south": {"uv": [0, 8, 16, 16], "texture": "#4"},
				"west": {"uv": [0, 8, 16, 16], "texture": "#4"},
				"up": {"uv": [0, 0, 16, 16], "texture": "#4"},
				"down": {"uv": [0, 0, 16, 16], "texture": "#4"}
			}
		},
		{
			"from": [2, 27, 7],
			"to": [3, 28, 9],
			"rotation": {"angle": 0, "axis": "z", "origin": [8, 25, 8]},
			"faces": {
				"north": {"uv": [0, 0, 8, 8], "texture": "#4"},
				"south": {"uv": [8, 0, 16, 8], "texture": "#4"},
				"west": {"uv": [0, 0, 16, 8], "texture": "#4"},
				"up": {"uv": [8, 0, 16, 16], "texture": "#4"}
			}
		},
		{
			"from": [1, 26, 9],
			"to": [3, 27, 11],
			"rotation": {"angle": 0, "axis": "z", "origin": [8, 25, 8]},
			"faces": {
				"north": {"uv": [0, 8, 16, 16], "texture": "#4"},
				"south": {"uv": [0, 8, 16, 16], "texture": "#4"},
				"west": {"uv": [0, 8, 16, 16], "texture": "#4"},
				"up": {"uv": [0, 0, 16, 16], "texture": "#4"},
				"down": {"uv": [0, 0, 16, 16], "texture": "#4"}
			}
		},
		{
			"from": [2, 27, 9],
			"to": [3, 28, 11],
			"rotation": {"angle": 0, "axis": "z", "origin": [8, 25, 8]},
			"faces": {
				"north": {"uv": [0, 0, 8, 8], "texture": "#4"},
				"south": {"uv": [8, 0, 16, 8], "texture": "#4"},
				"west": {"uv": [0, 0, 16, 8], "texture": "#4"},
				"up": {"uv": [8, 0, 16, 16], "texture": "#4"}
			}
		},
		{
			"from": [1, 26, 11],
			"to": [3, 27, 13],
			"rotation": {"angle": 0, "axis": "z", "origin": [8, 25, 8]},
			"faces": {
				"north": {"uv": [0, 8, 16, 16], "texture": "#4"},
				"south": {"uv": [0, 8, 16, 16], "texture": "#4"},
				"west": {"uv": [0, 8, 16, 16], "texture": "#4"},
				"up": {"uv": [0, 0, 16, 16], "texture": "#4"},
				"down": {"uv": [0, 0, 16, 16], "texture": "#4"}
			}
		},
		{
			"from": [2, 27, 11],
			"to": [3, 28, 13],
			"rotation": {"angle": 0, "axis": "z", "origin": [8, 25, 8]},
			"faces": {
				"north": {"uv": [0, 0, 8, 8], "texture": "#4"},
				"south": {"uv": [8, 0, 16, 8], "texture": "#4"},
				"west": {"uv": [0, 0, 16, 8], "texture": "#4"},
				"up": {"uv": [8, 0, 16, 16], "texture": "#4"}
			}
		},
		{
			"from": [1, 26, 13],
			"to": [3, 27, 15],
			"rotation": {"angle": 0, "axis": "z", "origin": [8, 25, 8]},
			"faces": {
				"north": {"uv": [0, 8, 16, 16], "texture": "#4"},
				"east": {"uv": [0, 8, 16, 16], "texture": "#4"},
				"south": {"uv": [0, 8, 16, 16], "texture": "#4"},
				"west": {"uv": [0, 8, 16, 16], "texture": "#4"},
				"up": {"uv": [0, 0, 16, 16], "texture": "#4"},
				"down": {"uv": [0, 0, 16, 16], "texture": "#4"}
			}
		},
		{
			"from": [2, 27, 13],
			"to": [3, 28, 15],
			"rotation": {"angle": 0, "axis": "z", "origin": [8, 25, 8]},
			"faces": {
				"north": {"uv": [0, 0, 8, 8], "texture": "#4"},
				"east": {"uv": [0, 0, 16, 8], "texture": "#4"},
				"south": {"uv": [8, 0, 16, 8], "texture": "#4"},
				"west": {"uv": [0, 0, 16, 8], "texture": "#4"},
				"up": {"uv": [8, 0, 16, 16], "texture": "#4"}
			}
		},
		{
			"from": [3, 27, 1],
			"to": [5, 28, 3],
			"rotation": {"angle": 0, "axis": "z", "origin": [8, 25, 8]},
			"faces": {
				"north": {"uv": [0, 0, 16, 8], "texture": "#4"},
				"east": {"uv": [0, 0, 16, 8], "texture": "#4"},
				"west": {"uv": [0, 0, 16, 8], "texture": "#4"},
				"up": {"uv": [0, 0, 16, 16], "texture": "#4"},
				"down": {"uv": [0, 0, 16, 16], "texture": "#4"}
			}
		},
		{
			"from": [3, 26, 1],
			"to": [4, 27, 3],
			"rotation": {"angle": 0, "axis": "z", "origin": [8, 25, 8]},
			"faces": {
				"north": {"uv": [8, 8, 16, 16], "texture": "#4"},
				"east": {"uv": [0, 8, 16, 16], "texture": "#4"},
				"west": {"uv": [0, 8, 16, 16], "texture": "#4"},
				"down": {"uv": [0, 0, 8, 16], "texture": "#4"}
			}
		},
		{
			"from": [3, 27, 13],
			"to": [5, 28, 15],
			"rotation": {"angle": 0, "axis": "z", "origin": [8, 25, 8]},
			"faces": {
				"east": {"uv": [0, 0, 16, 8], "texture": "#4"},
				"south": {"uv": [0, 0, 16, 8], "texture": "#4"},
				"west": {"uv": [0, 0, 16, 8], "texture": "#4"},
				"up": {"uv": [0, 0, 16, 16], "texture": "#4"},
				"down": {"uv": [0, 0, 16, 16], "texture": "#4"}
			}
		},
		{
			"from": [3, 26, 13],
			"to": [4, 27, 15],
			"rotation": {"angle": 0, "axis": "z", "origin": [8, 25, 8]},
			"faces": {
				"east": {"uv": [0, 8, 16, 16], "texture": "#4"},
				"south": {"uv": [0, 8, 8, 16], "texture": "#4"},
				"west": {"uv": [0, 8, 16, 16], "texture": "#4"},
				"down": {"uv": [0, 0, 8, 16], "texture": "#4"}
			}
		},
		{
			"from": [11, 27, 1],
			"to": [13, 28, 3],
			"rotation": {"angle": 0, "axis": "z", "origin": [8, 25, 8]},
			"faces": {
				"north": {"uv": [0, 0, 16, 8], "texture": "#4"},
				"east": {"uv": [0, 0, 16, 8], "texture": "#4"},
				"west": {"uv": [0, 0, 16, 8], "texture": "#4"},
				"up": {"uv": [0, 0, 16, 16], "texture": "#4"},
				"down": {"uv": [0, 0, 16, 16], "texture": "#4"}
			}
		},
		{
			"from": [12, 26, 1],
			"to": [13, 27, 3],
			"rotation": {"angle": 0, "axis": "z", "origin": [8, 25, 8]},
			"faces": {
				"north": {"uv": [0, 8, 8, 16], "texture": "#4"},
				"east": {"uv": [0, 8, 16, 16], "texture": "#4"},
				"west": {"uv": [0, 8, 16, 16], "texture": "#4"},
				"down": {"uv": [8, 0, 16, 16], "texture": "#4"}
			}
		},
		{
			"from": [11, 27, 13],
			"to": [13, 28, 15],
			"rotation": {"angle": 0, "axis": "z", "origin": [8, 25, 8]},
			"faces": {
				"east": {"uv": [0, 0, 16, 8], "texture": "#4"},
				"south": {"uv": [0, 0, 16, 8], "texture": "#4"},
				"west": {"uv": [0, 0, 16, 8], "texture": "#4"},
				"up": {"uv": [0, 0, 16, 16], "texture": "#4"},
				"down": {"uv": [0, 0, 16, 16], "texture": "#4"}
			}
		},
		{
			"from": [12, 26, 13],
			"to": [13, 27, 15],
			"rotation": {"angle": 0, "axis": "z", "origin": [8, 25, 8]},
			"faces": {
				"east": {"uv": [0, 8, 16, 16], "texture": "#4"},
				"south": {"uv": [8, 8, 16, 16], "texture": "#4"},
				"west": {"uv": [0, 8, 16, 16], "texture": "#4"},
				"down": {"uv": [8, 0, 16, 16], "texture": "#4"}
			}
		},
		{
			"from": [13, 26, 1],
			"to": [15, 27, 3],
			"rotation": {"angle": 0, "axis": "z", "origin": [8, 25, 8]},
			"faces": {
				"north": {"uv": [0, 8, 16, 16], "texture": "#4"},
				"east": {"uv": [0, 8, 16, 16], "texture": "#4"},
				"south": {"uv": [0, 8, 16, 16], "texture": "#4"},
				"west": {"uv": [0, 8, 16, 16], "texture": "#4"},
				"up": {"uv": [0, 0, 16, 16], "texture": "#4"},
				"down": {"uv": [0, 0, 16, 16], "texture": "#4"}
			}
		},
		{
			"from": [13, 27, 1],
			"to": [14, 28, 3],
			"rotation": {"angle": 0, "axis": "z", "origin": [8, 25, 8]},
			"faces": {
				"north": {"uv": [8, 0, 16, 8], "texture": "#4"},
				"east": {"uv": [0, 0, 16, 8], "texture": "#4"},
				"south": {"uv": [0, 0, 8, 8], "texture": "#4"},
				"west": {"uv": [0, 0, 16, 8], "texture": "#4"},
				"up": {"uv": [0, 0, 8, 16], "texture": "#4"}
			}
		},
		{
			"from": [13, 26, 3],
			"to": [15, 27, 5],
			"rotation": {"angle": 0, "axis": "z", "origin": [8, 25, 8]},
			"faces": {
				"north": {"uv": [0, 8, 16, 16], "texture": "#4"},
				"east": {"uv": [0, 8, 16, 16], "texture": "#4"},
				"south": {"uv": [0, 8, 16, 16], "texture": "#4"},
				"up": {"uv": [0, 0, 16, 16], "texture": "#4"},
				"down": {"uv": [0, 0, 16, 16], "texture": "#4"}
			}
		},
		{
			"from": [13, 27, 3],
			"to": [14, 28, 5],
			"rotation": {"angle": 0, "axis": "z", "origin": [8, 25, 8]},
			"faces": {
				"north": {"uv": [8, 0, 16, 8], "texture": "#4"},
				"east": {"uv": [0, 0, 16, 8], "texture": "#4"},
				"south": {"uv": [0, 0, 8, 8], "texture": "#4"},
				"up": {"uv": [0, 0, 8, 16], "texture": "#4"}
			}
		},
		{
			"from": [13, 26, 5],
			"to": [15, 27, 7],
			"rotation": {"angle": 0, "axis": "z", "origin": [8, 25, 8]},
			"faces": {
				"north": {"uv": [0, 8, 16, 16], "texture": "#4"},
				"east": {"uv": [0, 8, 16, 16], "texture": "#4"},
				"south": {"uv": [0, 8, 16, 16], "texture": "#4"},
				"up": {"uv": [0, 0, 16, 16], "texture": "#4"},
				"down": {"uv": [0, 0, 16, 16], "texture": "#4"}
			}
		},
		{
			"from": [13, 27, 5],
			"to": [14, 28, 7],
			"rotation": {"angle": 0, "axis": "z", "origin": [8, 25, 8]},
			"faces": {
				"north": {"uv": [8, 0, 16, 8], "texture": "#4"},
				"east": {"uv": [0, 0, 16, 8], "texture": "#4"},
				"south": {"uv": [0, 0, 8, 8], "texture": "#4"},
				"up": {"uv": [0, 0, 8, 16], "texture": "#4"}
			}
		},
		{
			"from": [13, 26, 7],
			"to": [15, 27, 9],
			"rotation": {"angle": 0, "axis": "z", "origin": [8, 25, 8]},
			"faces": {
				"north": {"uv": [0, 8, 16, 16], "texture": "#4"},
				"east": {"uv": [0, 8, 16, 16], "texture": "#4"},
				"south": {"uv": [0, 8, 16, 16], "texture": "#4"},
				"up": {"uv": [0, 0, 16, 16], "texture": "#4"},
				"down": {"uv": [0, 0, 16, 16], "texture": "#4"}
			}
		},
		{
			"from": [13, 27, 7],
			"to": [14, 28, 9],
			"rotation": {"angle": 0, "axis": "z", "origin": [8, 25, 8]},
			"faces": {
				"north": {"uv": [8, 0, 16, 8], "texture": "#4"},
				"east": {"uv": [0, 0, 16, 8], "texture": "#4"},
				"south": {"uv": [0, 0, 8, 8], "texture": "#4"},
				"up": {"uv": [0, 0, 8, 16], "texture": "#4"}
			}
		},
		{
			"from": [13, 26, 9],
			"to": [15, 27, 11],
			"rotation": {"angle": 0, "axis": "z", "origin": [8, 25, 8]},
			"faces": {
				"north": {"uv": [0, 8, 16, 16], "texture": "#4"},
				"east": {"uv": [0, 8, 16, 16], "texture": "#4"},
				"south": {"uv": [0, 8, 16, 16], "texture": "#4"},
				"up": {"uv": [0, 0, 16, 16], "texture": "#4"},
				"down": {"uv": [0, 0, 16, 16], "texture": "#4"}
			}
		},
		{
			"from": [13, 27, 9],
			"to": [14, 28, 11],
			"rotation": {"angle": 0, "axis": "z", "origin": [8, 25, 8]},
			"faces": {
				"north": {"uv": [8, 0, 16, 8], "texture": "#4"},
				"east": {"uv": [0, 0, 16, 8], "texture": "#4"},
				"south": {"uv": [0, 0, 8, 8], "texture": "#4"},
				"up": {"uv": [0, 0, 8, 16], "texture": "#4"}
			}
		},
		{
			"from": [13, 26, 11],
			"to": [15, 27, 13],
			"rotation": {"angle": 0, "axis": "z", "origin": [8, 25, 8]},
			"faces": {
				"north": {"uv": [0, 8, 16, 16], "texture": "#4"},
				"east": {"uv": [0, 8, 16, 16], "texture": "#4"},
				"south": {"uv": [0, 8, 16, 16], "texture": "#4"},
				"up": {"uv": [0, 0, 16, 16], "texture": "#4"},
				"down": {"uv": [0, 0, 16, 16], "texture": "#4"}
			}
		},
		{
			"from": [13, 27, 11],
			"to": [14, 28, 13],
			"rotation": {"angle": 0, "axis": "z", "origin": [8, 25, 8]},
			"faces": {
				"north": {"uv": [8, 0, 16, 8], "texture": "#4"},
				"east": {"uv": [0, 0, 16, 8], "texture": "#4"},
				"south": {"uv": [0, 0, 8, 8], "texture": "#4"},
				"up": {"uv": [0, 0, 8, 16], "texture": "#4"}
			}
		},
		{
			"from": [13, 26, 13],
			"to": [15, 27, 15],
			"rotation": {"angle": 0, "axis": "z", "origin": [8, 25, 8]},
			"faces": {
				"north": {"uv": [0, 8, 16, 16], "texture": "#4"},
				"east": {"uv": [0, 8, 16, 16], "texture": "#4"},
				"south": {"uv": [0, 8, 16, 16], "texture": "#4"},
				"west": {"uv": [0, 8, 16, 16], "texture": "#4"},
				"up": {"uv": [0, 0, 16, 16], "texture": "#4"},
				"down": {"uv": [0, 0, 16, 16], "texture": "#4"}
			}
		},
		{
			"from": [13, 27, 13],
			"to": [14, 28, 15],
			"rotation": {"angle": 0, "axis": "z", "origin": [8, 25, 8]},
			"faces": {
				"north": {"uv": [8, 0, 16, 8], "texture": "#4"},
				"east": {"uv": [0, 0, 16, 8], "texture": "#4"},
				"south": {"uv": [0, 0, 8, 8], "texture": "#4"},
				"west": {"uv": [0, 0, 16, 8], "texture": "#4"},
				"up": {"uv": [0, 0, 8, 16], "texture": "#4"}
			}
		},
		{
			"from": [3, 28, 1],
			"to": [5, 29, 3],
			"rotation": {"angle": 0, "axis": "z", "origin": [8, 25, 8]},
			"faces": {
				"north": {"uv": [0, 8, 16, 16], "texture": "#4"},
				"east": {"uv": [0, 8, 16, 16], "texture": "#4"},
				"south": {"uv": [0, 8, 16, 16], "texture": "#4"},
				"west": {"uv": [0, 8, 16, 16], "texture": "#4"},
				"up": {"uv": [0, 0, 16, 16], "texture": "#4"},
				"down": {"uv": [0, 0, 16, 16], "texture": "#4"}
			}
		},
		{
			"from": [4, 29, 1],
			"to": [5, 30, 3],
			"rotation": {"angle": 0, "axis": "z", "origin": [8, 25, 8]},
			"faces": {
				"north": {"uv": [0, 0, 8, 8], "texture": "#4"},
				"east": {"uv": [0, 0, 16, 8], "texture": "#4"},
				"south": {"uv": [8, 0, 16, 8], "texture": "#4"},
				"west": {"uv": [0, 0, 16, 8], "texture": "#4"},
				"up": {"uv": [8, 0, 16, 16], "texture": "#4"}
			}
		},
		{
			"from": [3, 28, 3],
			"to": [5, 29, 5],
			"rotation": {"angle": 0, "axis": "z", "origin": [8, 25, 8]},
			"faces": {
				"north": {"uv": [0, 8, 16, 16], "texture": "#4"},
				"south": {"uv": [0, 8, 16, 16], "texture": "#4"},
				"west": {"uv": [0, 8, 16, 16], "texture": "#4"},
				"up": {"uv": [0, 0, 16, 16], "texture": "#4"}
			}
		},
		{
			"from": [4, 29, 3],
			"to": [5, 30, 5],
			"rotation": {"angle": 0, "axis": "z", "origin": [8, 25, 8]},
			"faces": {
				"north": {"uv": [0, 0, 8, 8], "texture": "#4"},
				"south": {"uv": [8, 0, 16, 8], "texture": "#4"},
				"west": {"uv": [0, 0, 16, 8], "texture": "#4"},
				"up": {"uv": [8, 0, 16, 16], "texture": "#4"}
			}
		},
		{
			"from": [3, 28, 5],
			"to": [5, 29, 7],
			"rotation": {"angle": 0, "axis": "z", "origin": [8, 25, 8]},
			"faces": {
				"north": {"uv": [0, 8, 16, 16], "texture": "#4"},
				"south": {"uv": [0, 8, 16, 16], "texture": "#4"},
				"west": {"uv": [0, 8, 16, 16], "texture": "#4"},
				"up": {"uv": [0, 0, 16, 16], "texture": "#4"}
			}
		},
		{
			"from": [4, 29, 5],
			"to": [5, 30, 7],
			"rotation": {"angle": 0, "axis": "z", "origin": [8, 25, 8]},
			"faces": {
				"north": {"uv": [0, 0, 8, 8], "texture": "#4"},
				"south": {"uv": [8, 0, 16, 8], "texture": "#4"},
				"west": {"uv": [0, 0, 16, 8], "texture": "#4"},
				"up": {"uv": [8, 0, 16, 16], "texture": "#4"}
			}
		},
		{
			"from": [3, 28, 7],
			"to": [5, 29, 9],
			"rotation": {"angle": 0, "axis": "z", "origin": [8, 25, 8]},
			"faces": {
				"north": {"uv": [0, 8, 16, 16], "texture": "#4"},
				"south": {"uv": [0, 8, 16, 16], "texture": "#4"},
				"west": {"uv": [0, 8, 16, 16], "texture": "#4"},
				"up": {"uv": [0, 0, 16, 16], "texture": "#4"}
			}
		},
		{
			"from": [4, 29, 7],
			"to": [5, 30, 9],
			"rotation": {"angle": 0, "axis": "z", "origin": [8, 25, 8]},
			"faces": {
				"north": {"uv": [0, 0, 8, 8], "texture": "#4"},
				"south": {"uv": [8, 0, 16, 8], "texture": "#4"},
				"west": {"uv": [0, 0, 16, 8], "texture": "#4"},
				"up": {"uv": [8, 0, 16, 16], "texture": "#4"}
			}
		},
		{
			"from": [3, 28, 9],
			"to": [5, 29, 11],
			"rotation": {"angle": 0, "axis": "z", "origin": [8, 25, 8]},
			"faces": {
				"north": {"uv": [0, 8, 16, 16], "texture": "#4"},
				"south": {"uv": [0, 8, 16, 16], "texture": "#4"},
				"west": {"uv": [0, 8, 16, 16], "texture": "#4"},
				"up": {"uv": [0, 0, 16, 16], "texture": "#4"}
			}
		},
		{
			"from": [4, 29, 9],
			"to": [5, 30, 11],
			"rotation": {"angle": 0, "axis": "z", "origin": [8, 25, 8]},
			"faces": {
				"north": {"uv": [0, 0, 8, 8], "texture": "#4"},
				"south": {"uv": [8, 0, 16, 8], "texture": "#4"},
				"west": {"uv": [0, 0, 16, 8], "texture": "#4"},
				"up": {"uv": [8, 0, 16, 16], "texture": "#4"}
			}
		},
		{
			"from": [3, 28, 11],
			"to": [5, 29, 13],
			"rotation": {"angle": 0, "axis": "z", "origin": [8, 25, 8]},
			"faces": {
				"north": {"uv": [0, 8, 16, 16], "texture": "#4"},
				"south": {"uv": [0, 8, 16, 16], "texture": "#4"},
				"west": {"uv": [0, 8, 16, 16], "texture": "#4"},
				"up": {"uv": [0, 0, 16, 16], "texture": "#4"}
			}
		},
		{
			"from": [4, 29, 11],
			"to": [5, 30, 13],
			"rotation": {"angle": 0, "axis": "z", "origin": [8, 25, 8]},
			"faces": {
				"north": {"uv": [0, 0, 8, 8], "texture": "#4"},
				"south": {"uv": [8, 0, 16, 8], "texture": "#4"},
				"west": {"uv": [0, 0, 16, 8], "texture": "#4"},
				"up": {"uv": [8, 0, 16, 16], "texture": "#4"}
			}
		},
		{
			"from": [3, 28, 13],
			"to": [5, 29, 15],
			"rotation": {"angle": 0, "axis": "z", "origin": [8, 25, 8]},
			"faces": {
				"north": {"uv": [0, 8, 16, 16], "texture": "#4"},
				"east": {"uv": [0, 8, 16, 16], "texture": "#4"},
				"south": {"uv": [0, 8, 16, 16], "texture": "#4"},
				"west": {"uv": [0, 8, 16, 16], "texture": "#4"},
				"up": {"uv": [0, 0, 16, 16], "texture": "#4"},
				"down": {"uv": [0, 0, 16, 16], "texture": "#4"}
			}
		},
		{
			"from": [4, 29, 13],
			"to": [5, 30, 15],
			"rotation": {"angle": 0, "axis": "z", "origin": [8, 25, 8]},
			"faces": {
				"north": {"uv": [0, 0, 8, 8], "texture": "#4"},
				"east": {"uv": [0, 0, 16, 8], "texture": "#4"},
				"south": {"uv": [8, 0, 16, 8], "texture": "#4"},
				"west": {"uv": [0, 0, 16, 8], "texture": "#4"},
				"up": {"uv": [8, 0, 16, 16], "texture": "#4"}
			}
		},
		{
			"from": [5, 29, 1],
			"to": [7, 30, 3],
			"rotation": {"angle": 0, "axis": "z", "origin": [8, 25, 8]},
			"faces": {
				"north": {"uv": [0, 0, 16, 8], "texture": "#4"},
				"east": {"uv": [0, 0, 16, 8], "texture": "#4"},
				"west": {"uv": [0, 0, 16, 8], "texture": "#4"},
				"up": {"uv": [0, 0, 16, 16], "texture": "#4"},
				"down": {"uv": [0, 0, 16, 16], "texture": "#4"}
			}
		},
		{
			"from": [5, 28, 1],
			"to": [6, 29, 3],
			"rotation": {"angle": 0, "axis": "z", "origin": [8, 25, 8]},
			"faces": {
				"north": {"uv": [8, 8, 16, 16], "texture": "#4"},
				"east": {"uv": [0, 8, 16, 16], "texture": "#4"},
				"west": {"uv": [0, 8, 16, 16], "texture": "#4"},
				"down": {"uv": [0, 0, 8, 16], "texture": "#4"}
			}
		},
		{
			"from": [5, 29, 13],
			"to": [7, 30, 15],
			"rotation": {"angle": 0, "axis": "z", "origin": [8, 25, 8]},
			"faces": {
				"east": {"uv": [0, 0, 16, 8], "texture": "#4"},
				"south": {"uv": [0, 0, 16, 8], "texture": "#4"},
				"west": {"uv": [0, 0, 16, 8], "texture": "#4"},
				"up": {"uv": [0, 0, 16, 16], "texture": "#4"},
				"down": {"uv": [0, 0, 16, 16], "texture": "#4"}
			}
		},
		{
			"from": [5, 28, 13],
			"to": [6, 29, 15],
			"rotation": {"angle": 0, "axis": "z", "origin": [8, 25, 8]},
			"faces": {
				"east": {"uv": [0, 8, 16, 16], "texture": "#4"},
				"south": {"uv": [0, 8, 8, 16], "texture": "#4"},
				"west": {"uv": [0, 8, 16, 16], "texture": "#4"},
				"down": {"uv": [0, 0, 8, 16], "texture": "#4"}
			}
		},
		{
			"from": [9, 29, 1],
			"to": [11, 30, 3],
			"rotation": {"angle": 0, "axis": "z", "origin": [8, 25, 8]},
			"faces": {
				"north": {"uv": [0, 0, 16, 8], "texture": "#4"},
				"east": {"uv": [0, 0, 16, 8], "texture": "#4"},
				"west": {"uv": [0, 0, 16, 8], "texture": "#4"},
				"up": {"uv": [0, 0, 16, 16], "texture": "#4"},
				"down": {"uv": [0, 0, 16, 16], "texture": "#4"}
			}
		},
		{
			"from": [10, 28, 1],
			"to": [11, 29, 3],
			"rotation": {"angle": 0, "axis": "z", "origin": [8, 25, 8]},
			"faces": {
				"north": {"uv": [0, 8, 8, 16], "texture": "#4"},
				"east": {"uv": [0, 8, 16, 16], "texture": "#4"},
				"west": {"uv": [0, 8, 16, 16], "texture": "#4"},
				"down": {"uv": [8, 0, 16, 16], "texture": "#4"}
			}
		},
		{
			"from": [9, 29, 13],
			"to": [11, 30, 15],
			"rotation": {"angle": 0, "axis": "z", "origin": [8, 25, 8]},
			"faces": {
				"east": {"uv": [0, 0, 16, 8], "texture": "#4"},
				"south": {"uv": [0, 0, 16, 8], "texture": "#4"},
				"west": {"uv": [0, 0, 16, 8], "texture": "#4"},
				"up": {"uv": [0, 0, 16, 16], "texture": "#4"},
				"down": {"uv": [0, 0, 16, 16], "texture": "#4"}
			}
		},
		{
			"from": [10, 28, 13],
			"to": [11, 29, 15],
			"rotation": {"angle": 0, "axis": "z", "origin": [8, 25, 8]},
			"faces": {
				"east": {"uv": [0, 8, 16, 16], "texture": "#4"},
				"south": {"uv": [8, 8, 16, 16], "texture": "#4"},
				"west": {"uv": [0, 8, 16, 16], "texture": "#4"},
				"down": {"uv": [8, 0, 16, 16], "texture": "#4"}
			}
		},
		{
			"from": [11, 28, 1],
			"to": [13, 29, 3],
			"rotation": {"angle": 0, "axis": "z", "origin": [8, 25, 8]},
			"faces": {
				"north": {"uv": [0, 8, 16, 16], "texture": "#4"},
				"east": {"uv": [0, 8, 16, 16], "texture": "#4"},
				"south": {"uv": [0, 8, 16, 16], "texture": "#4"},
				"west": {"uv": [0, 8, 16, 16], "texture": "#4"},
				"up": {"uv": [0, 0, 16, 16], "texture": "#4"},
				"down": {"uv": [0, 0, 16, 16], "texture": "#4"}
			}
		},
		{
			"from": [11, 29, 1],
			"to": [12, 30, 3],
			"rotation": {"angle": 0, "axis": "z", "origin": [8, 25, 8]},
			"faces": {
				"north": {"uv": [8, 0, 16, 8], "texture": "#4"},
				"east": {"uv": [0, 0, 16, 8], "texture": "#4"},
				"south": {"uv": [0, 0, 8, 8], "texture": "#4"},
				"west": {"uv": [0, 0, 16, 8], "texture": "#4"},
				"up": {"uv": [0, 0, 8, 16], "texture": "#4"}
			}
		},
		{
			"from": [11, 28, 3],
			"to": [13, 29, 5],
			"rotation": {"angle": 0, "axis": "z", "origin": [8, 25, 8]},
			"faces": {
				"north": {"uv": [0, 8, 16, 16], "texture": "#4"},
				"east": {"uv": [0, 8, 16, 16], "texture": "#4"},
				"south": {"uv": [0, 8, 16, 16], "texture": "#4"},
				"up": {"uv": [0, 0, 16, 16], "texture": "#4"}
			}
		},
		{
			"from": [11, 29, 3],
			"to": [12, 30, 5],
			"rotation": {"angle": 0, "axis": "z", "origin": [8, 25, 8]},
			"faces": {
				"north": {"uv": [8, 0, 16, 8], "texture": "#4"},
				"east": {"uv": [0, 0, 16, 8], "texture": "#4"},
				"south": {"uv": [0, 0, 8, 8], "texture": "#4"},
				"up": {"uv": [0, 0, 8, 16], "texture": "#4"}
			}
		},
		{
			"from": [11, 28, 5],
			"to": [13, 29, 7],
			"rotation": {"angle": 0, "axis": "z", "origin": [8, 25, 8]},
			"faces": {
				"north": {"uv": [0, 8, 16, 16], "texture": "#4"},
				"east": {"uv": [0, 8, 16, 16], "texture": "#4"},
				"south": {"uv": [0, 8, 16, 16], "texture": "#4"},
				"up": {"uv": [0, 0, 16, 16], "texture": "#4"}
			}
		},
		{
			"from": [11, 29, 5],
			"to": [12, 30, 7],
			"rotation": {"angle": 0, "axis": "z", "origin": [8, 25, 8]},
			"faces": {
				"north": {"uv": [8, 0, 16, 8], "texture": "#4"},
				"east": {"uv": [0, 0, 16, 8], "texture": "#4"},
				"south": {"uv": [0, 0, 8, 8], "texture": "#4"},
				"up": {"uv": [0, 0, 8, 16], "texture": "#4"}
			}
		},
		{
			"from": [11, 28, 7],
			"to": [13, 29, 9],
			"rotation": {"angle": 0, "axis": "z", "origin": [8, 25, 8]},
			"faces": {
				"north": {"uv": [0, 8, 16, 16], "texture": "#4"},
				"east": {"uv": [0, 8, 16, 16], "texture": "#4"},
				"south": {"uv": [0, 8, 16, 16], "texture": "#4"},
				"up": {"uv": [0, 0, 16, 16], "texture": "#4"}
			}
		},
		{
			"from": [11, 29, 7],
			"to": [12, 30, 9],
			"rotation": {"angle": 0, "axis": "z", "origin": [8, 25, 8]},
			"faces": {
				"north": {"uv": [8, 0, 16, 8], "texture": "#4"},
				"east": {"uv": [0, 0, 16, 8], "texture": "#4"},
				"south": {"uv": [0, 0, 8, 8], "texture": "#4"},
				"up": {"uv": [0, 0, 8, 16], "texture": "#4"}
			}
		},
		{
			"from": [11, 28, 9],
			"to": [13, 29, 11],
			"rotation": {"angle": 0, "axis": "z", "origin": [8, 25, 8]},
			"faces": {
				"north": {"uv": [0, 8, 16, 16], "texture": "#4"},
				"east": {"uv": [0, 8, 16, 16], "texture": "#4"},
				"south": {"uv": [0, 8, 16, 16], "texture": "#4"},
				"up": {"uv": [0, 0, 16, 16], "texture": "#4"}
			}
		},
		{
			"from": [11, 29, 9],
			"to": [12, 30, 11],
			"rotation": {"angle": 0, "axis": "z", "origin": [8, 25, 8]},
			"faces": {
				"north": {"uv": [8, 0, 16, 8], "texture": "#4"},
				"east": {"uv": [0, 0, 16, 8], "texture": "#4"},
				"south": {"uv": [0, 0, 8, 8], "texture": "#4"},
				"up": {"uv": [0, 0, 8, 16], "texture": "#4"}
			}
		},
		{
			"from": [11, 28, 11],
			"to": [13, 29, 13],
			"rotation": {"angle": 0, "axis": "z", "origin": [8, 25, 8]},
			"faces": {
				"north": {"uv": [0, 8, 16, 16], "texture": "#4"},
				"east": {"uv": [0, 8, 16, 16], "texture": "#4"},
				"south": {"uv": [0, 8, 16, 16], "texture": "#4"},
				"up": {"uv": [0, 0, 16, 16], "texture": "#4"}
			}
		},
		{
			"from": [11, 29, 11],
			"to": [12, 30, 13],
			"rotation": {"angle": 0, "axis": "z", "origin": [8, 25, 8]},
			"faces": {
				"north": {"uv": [8, 0, 16, 8], "texture": "#4"},
				"east": {"uv": [0, 0, 16, 8], "texture": "#4"},
				"south": {"uv": [0, 0, 8, 8], "texture": "#4"},
				"up": {"uv": [0, 0, 8, 16], "texture": "#4"}
			}
		},
		{
			"from": [11, 28, 13],
			"to": [13, 29, 15],
			"rotation": {"angle": 0, "axis": "z", "origin": [8, 25, 8]},
			"faces": {
				"north": {"uv": [0, 8, 16, 16], "texture": "#4"},
				"east": {"uv": [0, 8, 16, 16], "texture": "#4"},
				"south": {"uv": [0, 8, 16, 16], "texture": "#4"},
				"west": {"uv": [0, 8, 16, 16], "texture": "#4"},
				"up": {"uv": [0, 0, 16, 16], "texture": "#4"},
				"down": {"uv": [0, 0, 16, 16], "texture": "#4"}
			}
		},
		{
			"from": [11, 29, 13],
			"to": [12, 30, 15],
			"rotation": {"angle": 0, "axis": "z", "origin": [8, 25, 8]},
			"faces": {
				"north": {"uv": [8, 0, 16, 8], "texture": "#4"},
				"east": {"uv": [0, 0, 16, 8], "texture": "#4"},
				"south": {"uv": [0, 0, 8, 8], "texture": "#4"},
				"west": {"uv": [0, 0, 16, 8], "texture": "#4"},
				"up": {"uv": [0, 0, 8, 16], "texture": "#4"}
			}
		},
		{
			"from": [5, 30, 1],
			"to": [7, 31, 3],
			"rotation": {"angle": 0, "axis": "z", "origin": [8, 25, 8]},
			"faces": {
				"north": {"uv": [0, 8, 16, 16], "texture": "#4"},
				"south": {"uv": [0, 8, 16, 16], "texture": "#4"},
				"west": {"uv": [0, 8, 16, 16], "texture": "#4"},
				"up": {"uv": [0, 0, 16, 16], "texture": "#4"},
				"down": {"uv": [0, 0, 16, 16], "texture": "#4"}
			}
		},
		{
			"from": [6, 31, 1],
			"to": [7, 32, 3],
			"rotation": {"angle": 0, "axis": "z", "origin": [8, 25, 8]},
			"faces": {
				"north": {"uv": [0, 0, 8, 8], "texture": "#4"},
				"south": {"uv": [8, 0, 16, 8], "texture": "#4"},
				"west": {"uv": [0, 0, 16, 8], "texture": "#4"},
				"up": {"uv": [8, 0, 16, 16], "texture": "#4"}
			}
		},
		{
			"from": [5, 30, 3],
			"to": [7, 31, 5],
			"rotation": {"angle": 0, "axis": "z", "origin": [8, 25, 8]},
			"faces": {
				"north": {"uv": [0, 8, 16, 16], "texture": "#4"},
				"south": {"uv": [0, 8, 16, 16], "texture": "#4"},
				"west": {"uv": [0, 8, 16, 16], "texture": "#4"},
				"up": {"uv": [0, 0, 16, 16], "texture": "#4"}
			}
		},
		{
			"from": [6, 31, 3],
			"to": [7, 32, 5],
			"rotation": {"angle": 0, "axis": "z", "origin": [8, 25, 8]},
			"faces": {
				"north": {"uv": [0, 0, 8, 8], "texture": "#4"},
				"south": {"uv": [8, 0, 16, 8], "texture": "#4"},
				"west": {"uv": [0, 0, 16, 8], "texture": "#4"},
				"up": {"uv": [8, 0, 16, 16], "texture": "#4"}
			}
		},
		{
			"from": [5, 30, 5],
			"to": [7, 31, 7],
			"rotation": {"angle": 0, "axis": "z", "origin": [8, 25, 8]},
			"faces": {
				"north": {"uv": [0, 8, 16, 16], "texture": "#4"},
				"south": {"uv": [0, 8, 16, 16], "texture": "#4"},
				"west": {"uv": [0, 8, 16, 16], "texture": "#4"},
				"up": {"uv": [0, 0, 16, 16], "texture": "#4"}
			}
		},
		{
			"from": [6, 31, 5],
			"to": [7, 32, 7],
			"rotation": {"angle": 0, "axis": "z", "origin": [8, 25, 8]},
			"faces": {
				"north": {"uv": [0, 0, 8, 8], "texture": "#4"},
				"south": {"uv": [8, 0, 16, 8], "texture": "#4"},
				"west": {"uv": [0, 0, 16, 8], "texture": "#4"},
				"up": {"uv": [8, 0, 16, 16], "texture": "#4"}
			}
		},
		{
			"from": [5, 30, 7],
			"to": [7, 31, 9],
			"rotation": {"angle": 0, "axis": "z", "origin": [8, 25, 8]},
			"faces": {
				"north": {"uv": [0, 8, 16, 16], "texture": "#4"},
				"south": {"uv": [0, 8, 16, 16], "texture": "#4"},
				"west": {"uv": [0, 8, 16, 16], "texture": "#4"},
				"up": {"uv": [0, 0, 16, 16], "texture": "#4"}
			}
		},
		{
			"from": [6, 31, 7],
			"to": [7, 32, 9],
			"rotation": {"angle": 0, "axis": "z", "origin": [8, 25, 8]},
			"faces": {
				"north": {"uv": [0, 0, 8, 8], "texture": "#4"},
				"south": {"uv": [8, 0, 16, 8], "texture": "#4"},
				"west": {"uv": [0, 0, 16, 8], "texture": "#4"},
				"up": {"uv": [8, 0, 16, 16], "texture": "#4"}
			}
		},
		{
			"from": [5, 30, 9],
			"to": [7, 31, 11],
			"rotation": {"angle": 0, "axis": "z", "origin": [8, 25, 8]},
			"faces": {
				"north": {"uv": [0, 8, 16, 16], "texture": "#4"},
				"south": {"uv": [0, 8, 16, 16], "texture": "#4"},
				"west": {"uv": [0, 8, 16, 16], "texture": "#4"},
				"up": {"uv": [0, 0, 16, 16], "texture": "#4"}
			}
		},
		{
			"from": [6, 31, 9],
			"to": [7, 32, 11],
			"rotation": {"angle": 0, "axis": "z", "origin": [8, 25, 8]},
			"faces": {
				"north": {"uv": [0, 0, 8, 8], "texture": "#4"},
				"south": {"uv": [8, 0, 16, 8], "texture": "#4"},
				"west": {"uv": [0, 0, 16, 8], "texture": "#4"},
				"up": {"uv": [8, 0, 16, 16], "texture": "#4"}
			}
		},
		{
			"from": [5, 30, 11],
			"to": [7, 31, 13],
			"rotation": {"angle": 0, "axis": "z", "origin": [8, 25, 8]},
			"faces": {
				"north": {"uv": [0, 8, 16, 16], "texture": "#4"},
				"south": {"uv": [0, 8, 16, 16], "texture": "#4"},
				"west": {"uv": [0, 8, 16, 16], "texture": "#4"},
				"up": {"uv": [0, 0, 16, 16], "texture": "#4"}
			}
		},
		{
			"from": [6, 31, 11],
			"to": [7, 32, 13],
			"rotation": {"angle": 0, "axis": "z", "origin": [8, 25, 8]},
			"faces": {
				"north": {"uv": [0, 0, 8, 8], "texture": "#4"},
				"south": {"uv": [8, 0, 16, 8], "texture": "#4"},
				"west": {"uv": [0, 0, 16, 8], "texture": "#4"},
				"up": {"uv": [8, 0, 16, 16], "texture": "#4"}
			}
		},
		{
			"from": [5, 30, 13],
			"to": [7, 31, 15],
			"rotation": {"angle": 0, "axis": "z", "origin": [8, 25, 8]},
			"faces": {
				"north": {"uv": [0, 8, 16, 16], "texture": "#4"},
				"south": {"uv": [0, 8, 16, 16], "texture": "#4"},
				"west": {"uv": [0, 8, 16, 16], "texture": "#4"},
				"up": {"uv": [0, 0, 16, 16], "texture": "#4"},
				"down": {"uv": [0, 0, 16, 16], "texture": "#4"}
			}
		},
		{
			"from": [6, 31, 13],
			"to": [7, 32, 15],
			"rotation": {"angle": 0, "axis": "z", "origin": [8, 25, 8]},
			"faces": {
				"north": {"uv": [0, 0, 8, 8], "texture": "#4"},
				"south": {"uv": [8, 0, 16, 8], "texture": "#4"},
				"west": {"uv": [0, 0, 16, 8], "texture": "#4"},
				"up": {"uv": [8, 0, 16, 16], "texture": "#4"}
			}
		},
		{
			"from": [9, 30, 1],
			"to": [11, 31, 3],
			"rotation": {"angle": 0, "axis": "z", "origin": [8, 25, 8]},
			"faces": {
				"north": {"uv": [0, 8, 16, 16], "texture": "#4"},
				"east": {"uv": [0, 8, 16, 16], "texture": "#4"},
				"south": {"uv": [0, 8, 16, 16], "texture": "#4"},
				"up": {"uv": [0, 0, 16, 16], "texture": "#4"},
				"down": {"uv": [0, 0, 16, 16], "texture": "#4"}
			}
		},
		{
			"from": [9, 31, 1],
			"to": [10, 32, 3],
			"rotation": {"angle": 0, "axis": "z", "origin": [8, 25, 8]},
			"faces": {
				"north": {"uv": [8, 0, 16, 8], "texture": "#4"},
				"east": {"uv": [0, 0, 16, 8], "texture": "#4"},
				"south": {"uv": [0, 0, 8, 8], "texture": "#4"},
				"up": {"uv": [0, 0, 8, 16], "texture": "#4"}
			}
		},
		{
			"from": [9, 30, 3],
			"to": [11, 31, 5],
			"rotation": {"angle": 0, "axis": "z", "origin": [8, 25, 8]},
			"faces": {
				"north": {"uv": [0, 8, 16, 16], "texture": "#4"},
				"east": {"uv": [0, 8, 16, 16], "texture": "#4"},
				"south": {"uv": [0, 8, 16, 16], "texture": "#4"},
				"up": {"uv": [0, 0, 16, 16], "texture": "#4"}
			}
		},
		{
			"from": [9, 31, 3],
			"to": [10, 32, 5],
			"rotation": {"angle": 0, "axis": "z", "origin": [8, 25, 8]},
			"faces": {
				"north": {"uv": [8, 0, 16, 8], "texture": "#4"},
				"east": {"uv": [0, 0, 16, 8], "texture": "#4"},
				"south": {"uv": [0, 0, 8, 8], "texture": "#4"},
				"up": {"uv": [0, 0, 8, 16], "texture": "#4"}
			}
		},
		{
			"from": [9, 30, 5],
			"to": [11, 31, 7],
			"rotation": {"angle": 0, "axis": "z", "origin": [8, 25, 8]},
			"faces": {
				"north": {"uv": [0, 8, 16, 16], "texture": "#4"},
				"east": {"uv": [0, 8, 16, 16], "texture": "#4"},
				"south": {"uv": [0, 8, 16, 16], "texture": "#4"},
				"up": {"uv": [0, 0, 16, 16], "texture": "#4"}
			}
		},
		{
			"from": [9, 31, 5],
			"to": [10, 32, 7],
			"rotation": {"angle": 0, "axis": "z", "origin": [8, 25, 8]},
			"faces": {
				"north": {"uv": [8, 0, 16, 8], "texture": "#4"},
				"east": {"uv": [0, 0, 16, 8], "texture": "#4"},
				"south": {"uv": [0, 0, 8, 8], "texture": "#4"},
				"up": {"uv": [0, 0, 8, 16], "texture": "#4"}
			}
		},
		{
			"from": [9, 30, 7],
			"to": [11, 31, 9],
			"rotation": {"angle": 0, "axis": "z", "origin": [8, 25, 8]},
			"faces": {
				"north": {"uv": [0, 8, 16, 16], "texture": "#4"},
				"east": {"uv": [0, 8, 16, 16], "texture": "#4"},
				"south": {"uv": [0, 8, 16, 16], "texture": "#4"},
				"up": {"uv": [0, 0, 16, 16], "texture": "#4"}
			}
		},
		{
			"from": [9, 31, 7],
			"to": [10, 32, 9],
			"rotation": {"angle": 0, "axis": "z", "origin": [8, 25, 8]},
			"faces": {
				"north": {"uv": [8, 0, 16, 8], "texture": "#4"},
				"east": {"uv": [0, 0, 16, 8], "texture": "#4"},
				"south": {"uv": [0, 0, 8, 8], "texture": "#4"},
				"up": {"uv": [0, 0, 8, 16], "texture": "#4"}
			}
		},
		{
			"from": [9, 30, 9],
			"to": [11, 31, 11],
			"rotation": {"angle": 0, "axis": "z", "origin": [8, 25, 8]},
			"faces": {
				"north": {"uv": [0, 8, 16, 16], "texture": "#4"},
				"east": {"uv": [0, 8, 16, 16], "texture": "#4"},
				"south": {"uv": [0, 8, 16, 16], "texture": "#4"},
				"up": {"uv": [0, 0, 16, 16], "texture": "#4"}
			}
		},
		{
			"from": [9, 31, 9],
			"to": [10, 32, 11],
			"rotation": {"angle": 0, "axis": "z", "origin": [8, 25, 8]},
			"faces": {
				"north": {"uv": [8, 0, 16, 8], "texture": "#4"},
				"east": {"uv": [0, 0, 16, 8], "texture": "#4"},
				"south": {"uv": [0, 0, 8, 8], "texture": "#4"},
				"up": {"uv": [0, 0, 8, 16], "texture": "#4"}
			}
		},
		{
			"from": [9, 30, 11],
			"to": [11, 31, 13],
			"rotation": {"angle": 0, "axis": "z", "origin": [8, 25, 8]},
			"faces": {
				"north": {"uv": [0, 8, 16, 16], "texture": "#4"},
				"east": {"uv": [0, 8, 16, 16], "texture": "#4"},
				"south": {"uv": [0, 8, 16, 16], "texture": "#4"},
				"up": {"uv": [0, 0, 16, 16], "texture": "#4"}
			}
		},
		{
			"from": [9, 31, 11],
			"to": [10, 32, 13],
			"rotation": {"angle": 0, "axis": "z", "origin": [8, 25, 8]},
			"faces": {
				"north": {"uv": [8, 0, 16, 8], "texture": "#4"},
				"east": {"uv": [0, 0, 16, 8], "texture": "#4"},
				"south": {"uv": [0, 0, 8, 8], "texture": "#4"},
				"up": {"uv": [0, 0, 8, 16], "texture": "#4"}
			}
		},
		{
			"from": [9, 30, 13],
			"to": [11, 31, 15],
			"rotation": {"angle": 0, "axis": "z", "origin": [8, 25, 8]},
			"faces": {
				"north": {"uv": [0, 8, 16, 16], "texture": "#4"},
				"east": {"uv": [0, 8, 16, 16], "texture": "#4"},
				"south": {"uv": [0, 8, 16, 16], "texture": "#4"},
				"up": {"uv": [0, 0, 16, 16], "texture": "#4"},
				"down": {"uv": [0, 0, 16, 16], "texture": "#4"}
			}
		},
		{
			"from": [9, 31, 13],
			"to": [10, 32, 15],
			"rotation": {"angle": 0, "axis": "z", "origin": [8, 25, 8]},
			"faces": {
				"north": {"uv": [8, 0, 16, 8], "texture": "#4"},
				"east": {"uv": [0, 0, 16, 8], "texture": "#4"},
				"south": {"uv": [0, 0, 8, 8], "texture": "#4"},
				"up": {"uv": [0, 0, 8, 16], "texture": "#4"}
			}
		}
	]
}