{
	"credit": "Made with Blockbench",
	"textures": {
		"0": "block/crying_obsidian",
		"1": "block/obsidian",
		"2": "block/gold_block",
		"3": "block/polished_blackstone_bricks",
		"4": "block/polished_blackstone",
		"particle": "block/crying_obsidian"
	},
	"elements": [
		{
			"from": [7, 30, 10],
			"to": [9, 32, 12],
			"rotation": {"angle": 0, "axis": "x", "origin": [8, 26, 8]},
			"faces": {
				"east": {"uv": [0, 0, 16, 16], "rotation": 180, "texture": "#0"},
				"south": {"uv": [0, 0, 16, 16], "rotation": 180, "texture": "#0"},
				"west": {"uv": [0, 0, 16, 16], "rotation": 180, "texture": "#0"},
				"up": {"uv": [0, 0, 16, 16], "texture": "#0"}
			}
		},
		{
			"from": [7, 30, 8],
			"to": [9, 32, 10],
			"rotation": {"angle": 0, "axis": "x", "origin": [8, 26, 8]},
			"faces": {
				"east": {"uv": [0, 0, 16, 16], "rotation": 180, "texture": "#1"},
				"west": {"uv": [0, 0, 16, 16], "rotation": 180, "texture": "#1"},
				"up": {"uv": [0, 0, 16, 16], "texture": "#1"},
				"down": {"uv": [0, 0, 16, 16], "texture": "#1"}
			}
		},
		{
			"from": [7, 30, 6],
			"to": [9, 32, 8],
			"rotation": {"angle": 0, "axis": "x", "origin": [8, 26, 8]},
			"faces": {
				"east": {"uv": [0, 0, 16, 16], "rotation": 180, "texture": "#1"},
				"west": {"uv": [0, 0, 16, 16], "rotation": 180, "texture": "#1"},
				"up": {"uv": [0, 0, 16, 16], "texture": "#1"},
				"down": {"uv": [0, 0, 16, 16], "texture": "#1"}
			}
		},
		{
			"from": [7, 30, 4],
			"to": [9, 32, 6],
			"rotation": {"angle": 0, "axis": "x", "origin": [8, 26, 8]},
			"faces": {
				"north": {"uv": [0, 0, 16, 16], "rotation": 180, "texture": "#0"},
				"east": {"uv": [0, 0, 16, 16], "rotation": 180, "texture": "#0"},
				"west": {"uv": [0, 0, 16, 16], "rotation": 180, "texture": "#0"},
				"up": {"uv": [0, 0, 16, 16], "texture": "#0"}
			}
		},
		{
			"from": [7, 28, 10],
			"to": [9, 30, 12],
			"rotation": {"angle": 0, "axis": "x", "origin": [8, 26, 8]},
			"faces": {
				"north": {"uv": [0, 0, 16, 16], "rotation": 180, "texture": "#1"},
				"east": {"uv": [0, 0, 16, 16], "rotation": 180, "texture": "#1"},
				"south": {"uv": [0, 0, 16, 16], "rotation": 180, "texture": "#1"},
				"west": {"uv": [0, 0, 16, 16], "rotation": 180, "texture": "#1"}
			}
		},
		{
			"from": [7, 28, 4],
			"to": [9, 30, 6],
			"rotation": {"angle": 0, "axis": "x", "origin": [8, 26, 8]},
			"faces": {
				"north": {"uv": [0, 0, 16, 16], "rotation": 180, "texture": "#0"},
				"east": {"uv": [0, 0, 16, 16], "rotation": 180, "texture": "#0"},
				"south": {"uv": [0, 0, 16, 16], "rotation": 180, "texture": "#0"},
				"west": {"uv": [0, 0, 16, 16], "rotation": 180, "texture": "#0"},
				"down": {"uv": [0, 0, 16, 16], "texture": "#0"}
			}
		},
		{
			"from": [7, 26, 10],
			"to": [9, 28, 12],
			"rotation": {"angle": 0, "axis": "x", "origin": [8, 26, 8]},
			"faces": {
				"north": {"uv": [0, 0, 16, 16], "rotation": 180, "texture": "#1"},
				"east": {"uv": [0, 0, 16, 16], "rotation": 180, "texture": "#1"},
				"south": {"uv": [0, 0, 16, 16], "rotation": 180, "texture": "#1"},
				"west": {"uv": [0, 0, 16, 16], "rotation": 180, "texture": "#1"}
			}
		},
		{
			"from": [7, 24, 10],
			"to": [9, 26, 12],
			"rotation": {"angle": 0, "axis": "x", "origin": [8, 26, 8]},
			"faces": {
				"north": {"uv": [0, 0, 16, 16], "rotation": 180, "texture": "#1"},
				"east": {"uv": [0, 0, 16, 16], "rotation": 180, "texture": "#1"},
				"south": {"uv": [0, 0, 16, 16], "rotation": 180, "texture": "#1"},
				"west": {"uv": [0, 0, 16, 16], "rotation": 180, "texture": "#1"}
			}
		},
		{
			"from": [7, 22, 10],
			"to": [9, 24, 12],
			"rotation": {"angle": 0, "axis": "x", "origin": [8, 26, 8]},
			"faces": {
				"east": {"uv": [0, 0, 16, 16], "rotation": 180, "texture": "#0"},
				"south": {"uv": [0, 0, 16, 16], "rotation": 180, "texture": "#0"},
				"west": {"uv": [0, 0, 16, 16], "rotation": 180, "texture": "#0"},
				"down": {"uv": [0, 0, 16, 16], "texture": "#0"}
			}
		},
		{
			"from": [7, 22, 8],
			"to": [9, 24, 10],
			"rotation": {"angle": 0, "axis": "x", "origin": [8, 26, 8]},
			"faces": {
				"east": {"uv": [0, 0, 16, 16], "rotation": 180, "texture": "#1"},
				"west": {"uv": [0, 0, 16, 16], "rotation": 180, "texture": "#1"},
				"up": {"uv": [0, 0, 16, 16], "texture": "#1"}
			}
		},
		{
			"from": [7, 22, 6],
			"to": [9, 24, 8],
			"rotation": {"angle": 0, "axis": "x", "origin": [8, 26, 8]},
			"faces": {
				"north": {"uv": [0, 0, 16, 16], "rotation": 180, "texture": "#0"},
				"east": {"uv": [0, 0, 16, 16], "rotation": 180, "texture": "#0"},
				"west": {"uv": [0, 0, 16, 16], "rotation": 180, "texture": "#0"},
				"up": {"uv": [0, 0, 16, 16], "texture": "#0"},
				"down": {"uv": [0, 0, 16, 16], "texture": "#0"}
			}
		},
		{
			"from": [7, 20, 8],
			"to": [9, 22, 10],
			"rotation": {"angle": 0, "axis": "x", "origin": [8, 26, 8]},
			"faces": {
				"north": {"uv": [0, 0, 16, 16], "rotation": 180, "texture": "#2"},
				"east": {"uv": [0, 0, 16, 16], "rotation": 180, "texture": "#2"},
				"south": {"uv": [0, 0, 16, 16], "rotation": 180, "texture": "#2"},
				"west": {"uv": [0, 0, 16, 16], "rotation": 180, "texture": "#2"},
				"down": {"uv": [0, 0, 16, 16], "texture": "#2"}
			}
		},
		{
			"from": [5, 31, 12],
			"to": [7, 32, 14],
			"rotation": {"angle": 0, "axis": "x", "origin": [8, 26, 8]},
			"faces": {
				"east": {"uv": [0, 8, 16, 16], "rotation": 180, "texture": "#3"},
				"south": {"uv": [0, 8, 16, 16], "rotation": 180, "texture": "#3"},
				"west": {"uv": [0, 8, 16, 16], "rotation": 180, "texture": "#3"},
				"up": {"uv": [0, 0, 16, 16], "texture": "#3"},
				"down": {"uv": [0, 0, 16, 16], "texture": "#3"}
			}
		},
		{
			"from": [5, 31, 10],
			"to": [7, 32, 12],
			"rotation": {"angle": 0, "axis": "x", "origin": [8, 26, 8]},
			"faces": {
				"north": {"uv": [0, 8, 16, 16], "rotation": 180, "texture": "#4"},
				"west": {"uv": [0, 8, 16, 16], "rotation": 180, "texture": "#4"},
				"up": {"uv": [0, 0, 16, 16], "texture": "#4"},
				"down": {"uv": [0, 0, 16, 16], "texture": "#4"}
			}
		},
		{
			"from": [5, 31, 8],
			"to": [7, 32, 10],
			"rotation": {"angle": 0, "axis": "x", "origin": [8, 26, 8]},
			"faces": {
				"north": {"uv": [0, 8, 16, 16], "rotation": 180, "texture": "#3"},
				"south": {"uv": [0, 8, 16, 16], "rotation": 180, "texture": "#3"},
				"west": {"uv": [0, 8, 16, 16], "rotation": 180, "texture": "#3"},
				"up": {"uv": [0, 0, 16, 16], "texture": "#3"},
				"down": {"uv": [0, 0, 16, 16], "texture": "#3"}
			}
		},
		{
			"from": [6, 30, 8],
			"to": [7, 31, 10],
			"rotation": {"angle": 0, "axis": "x", "origin": [8, 26, 8]},
			"faces": {
				"north": {"uv": [8, 0, 16, 8], "rotation": 180, "texture": "#3"},
				"south": {"uv": [0, 0, 8, 8], "rotation": 180, "texture": "#3"},
				"west": {"uv": [0, 0, 16, 8], "rotation": 180, "texture": "#3"},
				"down": {"uv": [8, 0, 16, 16], "texture": "#3"}
			}
		},
		{
			"from": [5, 31, 6],
			"to": [7, 32, 8],
			"rotation": {"angle": 0, "axis": "x", "origin": [8, 26, 8]},
			"faces": {
				"north": {"uv": [0, 8, 16, 16], "rotation": 180, "texture": "#3"},
				"south": {"uv": [0, 8, 16, 16], "rotation": 180, "texture": "#3"},
				"west": {"uv": [0, 8, 16, 16], "rotation": 180, "texture": "#3"},
				"up": {"uv": [0, 0, 16, 16], "texture": "#3"},
				"down": {"uv": [0, 0, 16, 16], "texture": "#3"}
			}
		},
		{
			"from": [5, 31, 4],
			"to": [7, 32, 6],
			"rotation": {"angle": 0, "axis": "x", "origin": [8, 26, 8]},
			"faces": {
				"north": {"uv": [0, 8, 16, 16], "rotation": 180, "texture": "#3"},
				"south": {"uv": [0, 8, 16, 16], "rotation": 180, "texture": "#3"},
				"west": {"uv": [0, 8, 16, 16], "rotation": 180, "texture": "#3"},
				"up": {"uv": [0, 0, 16, 16], "texture": "#3"},
				"down": {"uv": [0, 0, 16, 16], "texture": "#3"}
			}
		},
		{
			"from": [6, 30, 4],
			"to": [7, 31, 6],
			"rotation": {"angle": 0, "axis": "x", "origin": [8, 26, 8]},
			"faces": {
				"north": {"uv": [8, 0, 16, 8], "rotation": 180, "texture": "#3"},
				"south": {"uv": [0, 0, 8, 8], "rotation": 180, "texture": "#3"},
				"west": {"uv": [0, 0, 16, 8], "rotation": 180, "texture": "#3"},
				"down": {"uv": [8, 0, 16, 16], "texture": "#3"}
			}
		},
		{
			"from": [5, 31, 2],
			"to": [7, 32, 4],
			"rotation": {"angle": 0, "axis": "x", "origin": [8, 26, 8]},
			"faces": {
				"north": {"uv": [0, 8, 16, 16], "rotation": 180, "texture": "#3"},
				"east": {"uv": [0, 8, 16, 16], "rotation": 180, "texture": "#3"},
				"south": {"uv": [0, 8, 16, 16], "rotation": 180, "texture": "#3"},
				"west": {"uv": [0, 8, 16, 16], "rotation": 180, "texture": "#3"},
				"up": {"uv": [0, 0, 16, 16], "texture": "#3"},
				"down": {"uv": [0, 0, 16, 16], "texture": "#3"}
			}
		},
		{
			"from": [6, 30, 3],
			"to": [7, 31, 4],
			"rotation": {"angle": 0, "axis": "x", "origin": [8, 26, 8]},
			"faces": {
				"north": {"uv": [8, 0, 16, 8], "rotation": 180, "texture": "#3"},
				"east": {"uv": [8, 0, 16, 8], "rotation": 180, "texture": "#3"},
				"south": {"uv": [0, 0, 8, 8], "rotation": 180, "texture": "#3"},
				"west": {"uv": [0, 0, 8, 8], "rotation": 180, "texture": "#3"},
				"down": {"uv": [8, 0, 16, 8], "texture": "#3"}
			}
		},
		{
			"from": [7, 31, 12],
			"to": [9, 32, 14],
			"rotation": {"angle": 0, "axis": "x", "origin": [8, 26, 8]},
			"faces": {
				"east": {"uv": [0, 8, 16, 16], "rotation": 180, "texture": "#3"},
				"south": {"uv": [0, 8, 16, 16], "rotation": 180, "texture": "#3"},
				"west": {"uv": [0, 8, 16, 16], "rotation": 180, "texture": "#3"},
				"up": {"uv": [0, 0, 16, 16], "texture": "#3"},
				"down": {"uv": [0, 0, 16, 16], "texture": "#3"}
			}
		},
		{
			"from": [7, 30, 12],
			"to": [9, 31, 13],
			"rotation": {"angle": 0, "axis": "x", "origin": [8, 26, 8]},
			"faces": {
				"east": {"uv": [0, 0, 8, 8], "rotation": 180, "texture": "#3"},
				"south": {"uv": [0, 0, 16, 8], "rotation": 180, "texture": "#3"},
				"west": {"uv": [8, 0, 16, 8], "rotation": 180, "texture": "#3"},
				"down": {"uv": [0, 8, 16, 16], "texture": "#3"}
			}
		},
		{
			"from": [7, 31, 2],
			"to": [9, 32, 4],
			"rotation": {"angle": 0, "axis": "x", "origin": [8, 26, 8]},
			"faces": {
				"north": {"uv": [0, 8, 16, 16], "rotation": 180, "texture": "#3"},
				"east": {"uv": [0, 8, 16, 16], "rotation": 180, "texture": "#3"},
				"west": {"uv": [0, 8, 16, 16], "rotation": 180, "texture": "#3"},
				"up": {"uv": [0, 0, 16, 16], "texture": "#3"},
				"down": {"uv": [0, 0, 16, 16], "texture": "#3"}
			}
		},
		{
			"from": [7, 30, 3],
			"to": [9, 31, 4],
			"rotation": {"angle": 0, "axis": "x", "origin": [8, 26, 8]},
			"faces": {
				"north": {"uv": [0, 0, 16, 8], "rotation": 180, "texture": "#3"},
				"east": {"uv": [8, 0, 16, 8], "rotation": 180, "texture": "#3"},
				"west": {"uv": [0, 0, 8, 8], "rotation": 180, "texture": "#3"},
				"down": {"uv": [0, 0, 16, 8], "texture": "#3"}
			}
		},
		{
			"from": [9, 31, 12],
			"to": [11, 32, 14],
			"rotation": {"angle": 0, "axis": "x", "origin": [8, 26, 8]},
			"faces": {
				"north": {"uv": [0, 8, 16, 16], "rotation": 180, "texture": "#3"},
				"east": {"uv": [0, 8, 16, 16], "rotation": 180, "texture": "#3"},
				"south": {"uv": [0, 8, 16, 16], "rotation": 180, "texture": "#3"},
				"west": {"uv": [0, 8, 16, 16], "rotation": 180, "texture": "#3"},
				"up": {"uv": [0, 0, 16, 16], "texture": "#3"},
				"down": {"uv": [0, 0, 16, 16], "texture": "#3"}
			}
		},
		{
			"from": [9, 30, 12],
			"to": [10, 31, 13],
			"rotation": {"angle": 0, "axis": "x", "origin": [8, 26, 8]},
			"faces": {
				"north": {"uv": [0, 0, 8, 8], "rotation": 180, "texture": "#3"},
				"east": {"uv": [0, 0, 8, 8], "rotation": 180, "texture": "#3"},
				"south": {"uv": [8, 0, 16, 8], "rotation": 180, "texture": "#3"},
				"west": {"uv": [8, 0, 16, 8], "rotation": 180, "texture": "#3"},
				"down": {"uv": [0, 8, 8, 16], "texture": "#3"}
			}
		},
		{
			"from": [9, 31, 10],
			"to": [11, 32, 12],
			"rotation": {"angle": 0, "axis": "x", "origin": [8, 26, 8]},
			"faces": {
				"north": {"uv": [0, 8, 16, 16], "rotation": 180, "texture": "#3"},
				"east": {"uv": [0, 8, 16, 16], "rotation": 180, "texture": "#3"},
				"south": {"uv": [0, 8, 16, 16], "rotation": 180, "texture": "#3"},
				"up": {"uv": [0, 0, 16, 16], "texture": "#3"},
				"down": {"uv": [0, 0, 16, 16], "texture": "#3"}
			}
		},
		{
			"from": [9, 30, 10],
			"to": [10, 31, 12],
			"rotation": {"angle": 0, "axis": "x", "origin": [8, 26, 8]},
			"faces": {
				"north": {"uv": [0, 0, 8, 8], "rotation": 180, "texture": "#3"},
				"east": {"uv": [0, 0, 16, 8], "rotation": 180, "texture": "#3"},
				"south": {"uv": [8, 0, 16, 8], "rotation": 180, "texture": "#3"},
				"down": {"uv": [0, 0, 8, 16], "texture": "#3"}
			}
		},
		{
			"from": [9, 31, 8],
			"to": [11, 32, 10],
			"rotation": {"angle": 0, "axis": "x", "origin": [8, 26, 8]},
			"faces": {
				"north": {"uv": [0, 8, 16, 16], "rotation": 180, "texture": "#3"},
				"east": {"uv": [0, 8, 16, 16], "rotation": 180, "texture": "#3"},
				"south": {"uv": [0, 8, 16, 16], "rotation": 180, "texture": "#3"},
				"up": {"uv": [0, 0, 16, 16], "texture": "#3"},
				"down": {"uv": [0, 0, 16, 16], "texture": "#3"}
			}
		},
		{
			"from": [9, 30, 8],
			"to": [10, 31, 10],
			"rotation": {"angle": 0, "axis": "x", "origin": [8, 26, 8]},
			"faces": {
				"north": {"uv": [0, 0, 8, 8], "rotation": 180, "texture": "#3"},
				"east": {"uv": [0, 0, 16, 8], "rotation": 180, "texture": "#3"},
				"south": {"uv": [8, 0, 16, 8], "rotation": 180, "texture": "#3"},
				"down": {"uv": [0, 0, 8, 16], "texture": "#3"}
			}
		},
		{
			"from": [9, 31, 6],
			"to": [11, 32, 8],
			"rotation": {"angle": 0, "axis": "x", "origin": [8, 26, 8]},
			"faces": {
				"north": {"uv": [0, 8, 16, 16], "rotation": 180, "texture": "#3"},
				"east": {"uv": [0, 8, 16, 16], "rotation": 180, "texture": "#3"},
				"south": {"uv": [0, 8, 16, 16], "rotation": 180, "texture": "#3"},
				"up": {"uv": [0, 0, 16, 16], "texture": "#3"},
				"down": {"uv": [0, 0, 16, 16], "texture": "#3"}
			}
		},
		{
			"from": [9, 30, 6],
			"to": [10, 31, 8],
			"rotation": {"angle": 0, "axis": "x", "origin": [8, 26, 8]},
			"faces": {
				"north": {"uv": [0, 0, 8, 8], "rotation": 180, "texture": "#3"},
				"east": {"uv": [0, 0, 16, 8], "rotation": 180, "texture": "#3"},
				"south": {"uv": [8, 0, 16, 8], "rotation": 180, "texture": "#3"},
				"down": {"uv": [0, 0, 8, 16], "texture": "#3"}
			}
		},
		{
			"from": [9, 31, 4],
			"to": [11, 32, 6],
			"rotation": {"angle": 0, "axis": "x", "origin": [8, 26, 8]},
			"faces": {
				"north": {"uv": [0, 8, 16, 16], "rotation": 180, "texture": "#3"},
				"east": {"uv": [0, 8, 16, 16], "rotation": 180, "texture": "#3"},
				"south": {"uv": [0, 8, 16, 16], "rotation": 180, "texture": "#3"},
				"up": {"uv": [0, 0, 16, 16], "texture": "#3"},
				"down": {"uv": [0, 0, 16, 16], "texture": "#3"}
			}
		},
		{
			"from": [9, 30, 4],
			"to": [10, 31, 6],
			"rotation": {"angle": 0, "axis": "x", "origin": [8, 26, 8]},
			"faces": {
				"north": {"uv": [0, 0, 8, 8], "rotation": 180, "texture": "#3"},
				"east": {"uv": [0, 0, 16, 8], "rotation": 180, "texture": "#3"},
				"south": {"uv": [8, 0, 16, 8], "rotation": 180, "texture": "#3"},
				"down": {"uv": [0, 0, 8, 16], "texture": "#3"}
			}
		},
		{
			"from": [9, 31, 2],
			"to": [11, 32, 4],
			"rotation": {"angle": 0, "axis": "x", "origin": [8, 26, 8]},
			"faces": {
				"north": {"uv": [0, 8, 16, 16], "rotation": 180, "texture": "#3"},
				"east": {"uv": [0, 8, 16, 16], "rotation": 180, "texture": "#3"},
				"south": {"uv": [0, 8, 16, 16], "rotation": 180, "texture": "#3"},
				"west": {"uv": [0, 8, 16, 16], "rotation": 180, "texture": "#3"},
				"up": {"uv": [0, 0, 16, 16], "texture": "#3"},
				"down": {"uv": [0, 0, 16, 16], "texture": "#3"}
			}
		},
		{
			"from": [7, 21, 10],
			"to": [9, 22, 12],
			"rotation": {"angle": 0, "axis": "x", "origin": [8, 26, 8]},
			"faces": {
				"east": {"uv": [0, 8, 16, 16], "rotation": 180, "texture": "#3"},
				"south": {"uv": [0, 8, 16, 16], "rotation": 180, "texture": "#3"},
				"west": {"uv": [0, 8, 16, 16], "rotation": 180, "texture": "#3"},
				"down": {"uv": [0, 0, 16, 16], "texture": "#3"}
			}
		},
		{
			"from": [7, 20, 10],
			"to": [9, 21, 11],
			"rotation": {"angle": 0, "axis": "x", "origin": [8, 26, 8]},
			"faces": {
				"east": {"uv": [0, 0, 8, 8], "rotation": 180, "texture": "#3"},
				"south": {"uv": [0, 0, 16, 8], "rotation": 180, "texture": "#3"},
				"west": {"uv": [8, 0, 16, 8], "rotation": 180, "texture": "#3"},
				"down": {"uv": [0, 8, 16, 16], "texture": "#3"}
			}
		}
	]
}