{
	"credit": "Made with Blockbench",
	"textures": {
		"0": "block/polished_andesite",
		"1": "block/black_concrete",
		"2": "block/stone_bricks",
		"3": "block/tinted_glass",
		"4": "block/dark_oak_log",
		"5": "block/grindstone_pivot",
		"6": "block/grindstone_round",
		"7": "block/grindstone_side",
		"8": "block/polished_deepslate",
		"9": "block/iron_trapdoor",
		"10": "block/smooth_stone_slab_side",
		"11": "block/smooth_stone",
		"particle": "block/polished_andesite"
	},
	"elements": [
		{
			"from": [6, 1, 3.5],
			"to": [7, 2, 4.5],
			"faces": {
				"north": {"uv": [0, 0, 16, 16], "texture": "#0"},
				"south": {"uv": [0, 0, 16, 16], "texture": "#0"},
				"west": {"uv": [0, 0, 16, 16], "texture": "#0"},
				"down": {"uv": [0, 0, 16, 16], "texture": "#0"}
			}
		},
		{
			"from": [6, 1, 5.5],
			"to": [7, 2, 6.5],
			"faces": {
				"north": {"uv": [0, 0, 16, 16], "texture": "#0"},
				"west": {"uv": [0, 0, 16, 16], "texture": "#0"},
				"down": {"uv": [0, 0, 16, 16], "texture": "#0"}
			}
		},
		{
			"from": [6, 1, 6.5],
			"to": [7, 2, 7.5],
			"faces": {
				"west": {"uv": [0, 0, 16, 16], "texture": "#0"},
				"down": {"uv": [0, 0, 16, 16], "texture": "#0"}
			}
		},
		{
			"from": [6, 1, 7.5],
			"to": [7, 2, 8.5],
			"faces": {
				"west": {"uv": [0, 0, 16, 16], "texture": "#0"}
			}
		},
		{
			"from": [6, 1, 8.5],
			"to": [7, 2, 9.5],
			"faces": {
				"west": {"uv": [0, 0, 16, 16], "texture": "#0"},
				"down": {"uv": [0, 0, 16, 16], "texture": "#0"}
			}
		},
		{
			"from": [6, 1, 9.5],
			"to": [7, 2, 10.5],
			"faces": {
				"south": {"uv": [0, 0, 16, 16], "texture": "#0"},
				"west": {"uv": [0, 0, 16, 16], "texture": "#0"},
				"down": {"uv": [0, 0, 16, 16], "texture": "#0"}
			}
		},
		{
			"from": [6, 1, 11.5],
			"to": [7, 2, 12.5],
			"faces": {
				"north": {"uv": [0, 0, 16, 16], "texture": "#0"},
				"south": {"uv": [0, 0, 16, 16], "texture": "#0"},
				"west": {"uv": [0, 0, 16, 16], "texture": "#0"},
				"down": {"uv": [0, 0, 16, 16], "texture": "#0"}
			}
		},
		{
			"from": [7, 1, 4.5],
			"to": [8, 2, 5.5],
			"faces": {
				"north": {"uv": [0, 0, 16, 16], "texture": "#1"}
			}
		},
		{
			"from": [7, 1, 10.5],
			"to": [8, 2, 11.5],
			"faces": {
				"south": {"uv": [0, 0, 16, 16], "texture": "#1"}
			}
		},
		{
			"from": [8, 1, 4.5],
			"to": [9, 2, 5.5],
			"faces": {
				"north": {"uv": [0, 0, 16, 16], "texture": "#1"}
			}
		},
		{
			"from": [8, 1, 10.5],
			"to": [9, 2, 11.5],
			"faces": {
				"south": {"uv": [0, 0, 16, 16], "texture": "#1"}
			}
		},
		{
			"from": [9, 1, 3.5],
			"to": [10, 2, 4.5],
			"faces": {
				"north": {"uv": [0, 0, 16, 16], "texture": "#0"},
				"east": {"uv": [0, 0, 16, 16], "texture": "#0"},
				"south": {"uv": [0, 0, 16, 16], "texture": "#0"},
				"down": {"uv": [0, 0, 16, 16], "texture": "#0"}
			}
		},
		{
			"from": [9, 1, 5.5],
			"to": [10, 2, 6.5],
			"faces": {
				"north": {"uv": [0, 0, 16, 16], "texture": "#0"},
				"east": {"uv": [0, 0, 16, 16], "texture": "#0"},
				"down": {"uv": [0, 0, 16, 16], "texture": "#0"}
			}
		},
		{
			"from": [9, 1, 6.5],
			"to": [10, 2, 7.5],
			"faces": {
				"east": {"uv": [0, 0, 16, 16], "texture": "#0"},
				"down": {"uv": [0, 0, 16, 16], "texture": "#0"}
			}
		},
		{
			"from": [9, 1, 7.5],
			"to": [10, 2, 8.5],
			"faces": {
				"east": {"uv": [0, 0, 16, 16], "texture": "#0"}
			}
		},
		{
			"from": [9, 1, 8.5],
			"to": [10, 2, 9.5],
			"faces": {
				"east": {"uv": [0, 0, 16, 16], "texture": "#0"},
				"down": {"uv": [0, 0, 16, 16], "texture": "#0"}
			}
		},
		{
			"from": [9, 1, 9.5],
			"to": [10, 2, 10.5],
			"faces": {
				"east": {"uv": [0, 0, 16, 16], "texture": "#0"},
				"south": {"uv": [0, 0, 16, 16], "texture": "#0"},
				"down": {"uv": [0, 0, 16, 16], "texture": "#0"}
			}
		},
		{
			"from": [9, 1, 11.5],
			"to": [10, 2, 12.5],
			"faces": {
				"north": {"uv": [0, 0, 16, 16], "texture": "#0"},
				"east": {"uv": [0, 0, 16, 16], "texture": "#0"},
				"south": {"uv": [0, 0, 16, 16], "texture": "#0"},
				"down": {"uv": [0, 0, 16, 16], "texture": "#0"}
			}
		},
		{
			"from": [6, 2, 3.5],
			"to": [7, 3, 4.5],
			"faces": {
				"north": {"uv": [0, 0, 16, 16], "texture": "#2"},
				"east": {"uv": [0, 0, 16, 16], "texture": "#2"},
				"west": {"uv": [0, 0, 16, 16], "texture": "#2"}
			}
		},
		{
			"from": [6, 2, 4.5],
			"to": [7, 3, 5.5],
			"faces": {
				"west": {"uv": [0, 0, 16, 16], "texture": "#3"}
			}
		},
		{
			"from": [6, 2, 5.5],
			"to": [7, 3, 6.5],
			"faces": {
				"west": {"uv": [0, 0, 16, 16], "texture": "#2"}
			}
		},
		{
			"from": [6, 2, 6.5],
			"to": [7, 3, 7.5],
			"faces": {
				"west": {"uv": [0, 0, 16, 16], "texture": "#3"}
			}
		},
		{
			"from": [6, 2, 7.5],
			"to": [7, 3, 8.5],
			"faces": {
				"west": {"uv": [0, 0, 16, 16], "texture": "#2"}
			}
		},
		{
			"from": [6, 2, 8.5],
			"to": [7, 3, 9.5],
			"faces": {
				"west": {"uv": [0, 0, 16, 16], "texture": "#3"}
			}
		},
		{
			"from": [6, 2, 9.5],
			"to": [7, 3, 10.5],
			"faces": {
				"west": {"uv": [0, 0, 16, 16], "texture": "#2"}
			}
		},
		{
			"from": [6, 2, 10.5],
			"to": [7, 3, 11.5],
			"faces": {
				"west": {"uv": [0, 0, 16, 16], "texture": "#3"}
			}
		},
		{
			"from": [6, 2, 11.5],
			"to": [7, 3, 12.5],
			"faces": {
				"east": {"uv": [0, 0, 16, 16], "texture": "#2"},
				"south": {"uv": [0, 0, 16, 16], "texture": "#2"},
				"west": {"uv": [0, 0, 16, 16], "texture": "#2"}
			}
		},
		{
			"from": [7, 2, 4.5],
			"to": [8, 3, 5.5],
			"faces": {
				"north": {"uv": [0, 0, 16, 16], "texture": "#1"}
			}
		},
		{
			"from": [7, 2, 10.5],
			"to": [8, 3, 11.5],
			"faces": {
				"south": {"uv": [0, 0, 16, 16], "texture": "#1"}
			}
		},
		{
			"from": [8, 2, 4.5],
			"to": [9, 3, 5.5],
			"faces": {
				"north": {"uv": [0, 0, 16, 16], "texture": "#1"}
			}
		},
		{
			"from": [8, 2, 10.5],
			"to": [9, 3, 11.5],
			"faces": {
				"south": {"uv": [0, 0, 16, 16], "texture": "#1"}
			}
		},
		{
			"from": [9, 2, 3.5],
			"to": [10, 3, 4.5],
			"faces": {
				"north": {"uv": [0, 0, 16, 16], "texture": "#2"},
				"east": {"uv": [0, 0, 16, 16], "texture": "#2"},
				"west": {"uv": [0, 0, 16, 16], "texture": "#2"}
			}
		},
		{
			"from": [9, 2, 4.5],
			"to": [10, 3, 5.5],
			"faces": {
				"east": {"uv": [0, 0, 16, 16], "texture": "#3"}
			}
		},
		{
			"from": [9, 2, 5.5],
			"to": [10, 3, 6.5],
			"faces": {
				"east": {"uv": [0, 0, 16, 16], "texture": "#2"}
			}
		},
		{
			"from": [9, 2, 6.5],
			"to": [10, 3, 7.5],
			"faces": {
				"east": {"uv": [0, 0, 16, 16], "texture": "#3"}
			}
		},
		{
			"from": [9, 2, 7.5],
			"to": [10, 3, 8.5],
			"faces": {
				"east": {"uv": [0, 0, 16, 16], "texture": "#2"}
			}
		},
		{
			"from": [9, 2, 8.5],
			"to": [10, 3, 9.5],
			"faces": {
				"east": {"uv": [0, 0, 16, 16], "texture": "#3"}
			}
		},
		{
			"from": [9, 2, 9.5],
			"to": [10, 3, 10.5],
			"faces": {
				"east": {"uv": [0, 0, 16, 16], "texture": "#2"}
			}
		},
		{
			"from": [9, 2, 10.5],
			"to": [10, 3, 11.5],
			"faces": {
				"east": {"uv": [0, 0, 16, 16], "texture": "#3"}
			}
		},
		{
			"from": [9, 2, 11.5],
			"to": [10, 3, 12.5],
			"faces": {
				"east": {"uv": [0, 0, 16, 16], "texture": "#2"},
				"south": {"uv": [0, 0, 16, 16], "texture": "#2"},
				"west": {"uv": [0, 0, 16, 16], "texture": "#2"}
			}
		},
		{
			"from": [6, 3, 3.5],
			"to": [7, 4, 4.5],
			"faces": {
				"north": {"uv": [0, 0, 16, 16], "texture": "#2"},
				"west": {"uv": [0, 0, 16, 16], "texture": "#2"}
			}
		},
		{
			"from": [6, 3, 4.5],
			"to": [7, 4, 5.5],
			"faces": {
				"west": {"uv": [0, 0, 16, 16], "texture": "#3"}
			}
		},
		{
			"from": [6, 3, 5.5],
			"to": [7, 4, 6.5],
			"faces": {
				"west": {"uv": [0, 0, 16, 16], "texture": "#2"}
			}
		},
		{
			"from": [6, 3, 6.5],
			"to": [7, 4, 7.5],
			"faces": {
				"west": {"uv": [0, 0, 16, 16], "texture": "#3"}
			}
		},
		{
			"from": [6, 3, 7.5],
			"to": [7, 4, 8.5],
			"faces": {
				"west": {"uv": [0, 0, 16, 16], "texture": "#2"}
			}
		},
		{
			"from": [6, 3, 8.5],
			"to": [7, 4, 9.5],
			"faces": {
				"west": {"uv": [0, 0, 16, 16], "texture": "#3"}
			}
		},
		{
			"from": [6, 3, 9.5],
			"to": [7, 4, 10.5],
			"faces": {
				"west": {"uv": [0, 0, 16, 16], "texture": "#2"}
			}
		},
		{
			"from": [6, 3, 10.5],
			"to": [7, 4, 11.5],
			"faces": {
				"west": {"uv": [0, 0, 16, 16], "texture": "#3"}
			}
		},
		{
			"from": [6, 3, 11.5],
			"to": [7, 4, 12.5],
			"faces": {
				"south": {"uv": [0, 0, 16, 16], "texture": "#2"},
				"west": {"uv": [0, 0, 16, 16], "texture": "#2"}
			}
		},
		{
			"from": [7, 3, 4.5],
			"to": [8, 4, 5.5],
			"faces": {
				"north": {"uv": [0, 0, 16, 16], "texture": "#1"}
			}
		},
		{
			"from": [7, 3, 10.5],
			"to": [8, 4, 11.5],
			"faces": {
				"south": {"uv": [0, 0, 16, 16], "texture": "#1"}
			}
		},
		{
			"from": [8, 3, 4.5],
			"to": [9, 4, 5.5],
			"faces": {
				"north": {"uv": [0, 0, 16, 16], "texture": "#1"}
			}
		},
		{
			"from": [8, 3, 10.5],
			"to": [9, 4, 11.5],
			"faces": {
				"south": {"uv": [0, 0, 16, 16], "texture": "#1"}
			}
		},
		{
			"from": [9, 3, 3.5],
			"to": [10, 4, 4.5],
			"faces": {
				"north": {"uv": [0, 0, 16, 16], "texture": "#2"},
				"east": {"uv": [0, 0, 16, 16], "texture": "#2"}
			}
		},
		{
			"from": [9, 3, 4.5],
			"to": [10, 4, 5.5],
			"faces": {
				"east": {"uv": [0, 0, 16, 16], "texture": "#3"}
			}
		},
		{
			"from": [9, 3, 5.5],
			"to": [10, 4, 6.5],
			"faces": {
				"east": {"uv": [0, 0, 16, 16], "texture": "#2"}
			}
		},
		{
			"from": [9, 3, 6.5],
			"to": [10, 4, 7.5],
			"faces": {
				"east": {"uv": [0, 0, 16, 16], "texture": "#3"}
			}
		},
		{
			"from": [9, 3, 7.5],
			"to": [10, 4, 8.5],
			"faces": {
				"east": {"uv": [0, 0, 16, 16], "texture": "#2"}
			}
		},
		{
			"from": [9, 3, 8.5],
			"to": [10, 4, 9.5],
			"faces": {
				"east": {"uv": [0, 0, 16, 16], "texture": "#3"}
			}
		},
		{
			"from": [9, 3, 9.5],
			"to": [10, 4, 10.5],
			"faces": {
				"east": {"uv": [0, 0, 16, 16], "texture": "#2"}
			}
		},
		{
			"from": [9, 3, 10.5],
			"to": [10, 4, 11.5],
			"faces": {
				"east": {"uv": [0, 0, 16, 16], "texture": "#3"}
			}
		},
		{
			"from": [9, 3, 11.5],
			"to": [10, 4, 12.5],
			"faces": {
				"east": {"uv": [0, 0, 16, 16], "texture": "#2"},
				"south": {"uv": [0, 0, 16, 16], "texture": "#2"}
			}
		},
		{
			"from": [6.75, 0.5625, 3.875],
			"to": [6.875, 1, 4.125],
			"faces": {
				"north": {"uv": [12, 9, 14, 16], "rotation": 180, "texture": "#4"},
				"east": {"uv": [10, 16, 6, 9], "rotation": 180, "texture": "#4"},
				"south": {"uv": [2, 9, 4, 16], "rotation": 180, "texture": "#4"},
				"west": {"uv": [6, 9, 10, 16], "rotation": 180, "texture": "#4"}
			}
		},
		{
			"from": [6.125, 0.5625, 3.875],
			"to": [6.25, 1, 4.125],
			"faces": {
				"north": {"uv": [2, 9, 4, 16], "rotation": 180, "texture": "#4"},
				"east": {"uv": [10, 16, 6, 9], "rotation": 180, "texture": "#4"},
				"south": {"uv": [12, 9, 14, 16], "rotation": 180, "texture": "#4"},
				"west": {"uv": [6, 9, 10, 16], "rotation": 180, "texture": "#4"}
			}
		},
		{
			"from": [6.75, 0.1875, 3.8125],
			"to": [6.875, 0.5625, 4.1875],
			"faces": {
				"north": {"uv": [6, 0, 8, 6], "rotation": 180, "texture": "#5"},
				"east": {"uv": [0, 0, 6, 6], "rotation": 180, "texture": "#5"},
				"south": {"uv": [6, 0, 8, 6], "rotation": 180, "texture": "#5"},
				"up": {"uv": [8, 0, 10, 6], "texture": "#5"},
				"down": {"uv": [8, 0, 10, 6], "texture": "#5"}
			}
		},
		{
			"from": [6.125, 0.1875, 3.8125],
			"to": [6.25, 0.5625, 4.1875],
			"faces": {
				"north": {"uv": [6, 0, 8, 6], "rotation": 180, "texture": "#5"},
				"south": {"uv": [6, 0, 8, 6], "rotation": 180, "texture": "#5"},
				"west": {"uv": [0, 0, 6, 6], "rotation": 180, "texture": "#5"},
				"up": {"uv": [8, 0, 10, 6], "texture": "#5"},
				"down": {"uv": [8, 0, 10, 6], "texture": "#5"}
			}
		},
		{
			"from": [6.25, 0, 3.625],
			"to": [6.75, 0.75, 4.375],
			"faces": {
				"north": {"uv": [0, 0, 8, 12], "rotation": 180, "texture": "#6"},
				"east": {"uv": [0, 0, 12, 12], "rotation": 180, "texture": "#7"},
				"south": {"uv": [0, 0, 8, 12], "rotation": 180, "texture": "#6"},
				"west": {"uv": [0, 0, 12, 12], "rotation": 180, "texture": "#7"},
				"up": {"uv": [0, 0, 8, 12], "texture": "#6"},
				"down": {"uv": [0, 0, 8, 12], "texture": "#6"}
			}
		},
		{
			"from": [6, 0.5, 4.5],
			"to": [7, 1, 5.5],
			"faces": {
				"north": {"uv": [0, 0, 16, 8], "texture": "#8"},
				"south": {"uv": [0, 0, 16, 8], "texture": "#8"},
				"west": {"uv": [0, 0, 16, 8], "texture": "#8"},
				"up": {"uv": [0, 0, 16, 16], "texture": "#8"},
				"down": {"uv": [0, 0, 16, 16], "texture": "#8"}
			}
		},
		{
			"from": [6.75, 0.5625, 5.875],
			"to": [6.875, 1, 6.125],
			"faces": {
				"north": {"uv": [12, 9, 14, 16], "rotation": 180, "texture": "#4"},
				"east": {"uv": [10, 16, 6, 9], "rotation": 180, "texture": "#4"},
				"south": {"uv": [2, 9, 4, 16], "rotation": 180, "texture": "#4"},
				"west": {"uv": [6, 9, 10, 16], "rotation": 180, "texture": "#4"}
			}
		},
		{
			"from": [6.125, 0.5625, 5.875],
			"to": [6.25, 1, 6.125],
			"faces": {
				"north": {"uv": [2, 9, 4, 16], "rotation": 180, "texture": "#4"},
				"east": {"uv": [10, 16, 6, 9], "rotation": 180, "texture": "#4"},
				"south": {"uv": [12, 9, 14, 16], "rotation": 180, "texture": "#4"},
				"west": {"uv": [6, 9, 10, 16], "rotation": 180, "texture": "#4"}
			}
		},
		{
			"from": [6.75, 0.1875, 5.8125],
			"to": [6.875, 0.5625, 6.1875],
			"faces": {
				"north": {"uv": [6, 0, 8, 6], "rotation": 180, "texture": "#5"},
				"east": {"uv": [0, 0, 6, 6], "rotation": 180, "texture": "#5"},
				"south": {"uv": [6, 0, 8, 6], "rotation": 180, "texture": "#5"},
				"up": {"uv": [8, 0, 10, 6], "texture": "#5"},
				"down": {"uv": [8, 0, 10, 6], "texture": "#5"}
			}
		},
		{
			"from": [6.125, 0.1875, 5.8125],
			"to": [6.25, 0.5625, 6.1875],
			"faces": {
				"north": {"uv": [6, 0, 8, 6], "rotation": 180, "texture": "#5"},
				"south": {"uv": [6, 0, 8, 6], "rotation": 180, "texture": "#5"},
				"west": {"uv": [0, 0, 6, 6], "rotation": 180, "texture": "#5"},
				"up": {"uv": [8, 0, 10, 6], "texture": "#5"},
				"down": {"uv": [8, 0, 10, 6], "texture": "#5"}
			}
		},
		{
			"from": [6.25, 0, 5.625],
			"to": [6.75, 0.75, 6.375],
			"faces": {
				"north": {"uv": [0, 0, 8, 12], "rotation": 180, "texture": "#6"},
				"east": {"uv": [0, 0, 12, 12], "rotation": 180, "texture": "#7"},
				"south": {"uv": [0, 0, 8, 12], "rotation": 180, "texture": "#6"},
				"west": {"uv": [0, 0, 12, 12], "rotation": 180, "texture": "#7"},
				"up": {"uv": [0, 0, 8, 12], "texture": "#6"},
				"down": {"uv": [0, 0, 8, 12], "texture": "#6"}
			}
		},
		{
			"from": [6, 0.5, 7.5],
			"to": [7, 1, 8.5],
			"faces": {
				"north": {"uv": [0, 0, 16, 8], "texture": "#8"},
				"south": {"uv": [0, 0, 16, 8], "texture": "#8"},
				"west": {"uv": [0, 0, 16, 8], "texture": "#8"},
				"down": {"uv": [0, 0, 16, 16], "texture": "#8"}
			}
		},
		{
			"from": [6.75, 0.5625, 9.875],
			"to": [6.875, 1, 10.125],
			"faces": {
				"north": {"uv": [12, 9, 14, 16], "rotation": 180, "texture": "#4"},
				"east": {"uv": [10, 16, 6, 9], "rotation": 180, "texture": "#4"},
				"south": {"uv": [2, 9, 4, 16], "rotation": 180, "texture": "#4"},
				"west": {"uv": [6, 9, 10, 16], "rotation": 180, "texture": "#4"}
			}
		},
		{
			"from": [6.125, 0.5625, 9.875],
			"to": [6.25, 1, 10.125],
			"faces": {
				"north": {"uv": [2, 9, 4, 16], "rotation": 180, "texture": "#4"},
				"east": {"uv": [10, 16, 6, 9], "rotation": 180, "texture": "#4"},
				"south": {"uv": [12, 9, 14, 16], "rotation": 180, "texture": "#4"},
				"west": {"uv": [6, 9, 10, 16], "rotation": 180, "texture": "#4"}
			}
		},
		{
			"from": [6.75, 0.1875, 9.8125],
			"to": [6.875, 0.5625, 10.1875],
			"faces": {
				"north": {"uv": [6, 0, 8, 6], "rotation": 180, "texture": "#5"},
				"east": {"uv": [0, 0, 6, 6], "rotation": 180, "texture": "#5"},
				"south": {"uv": [6, 0, 8, 6], "rotation": 180, "texture": "#5"},
				"up": {"uv": [8, 0, 10, 6], "texture": "#5"},
				"down": {"uv": [8, 0, 10, 6], "texture": "#5"}
			}
		},
		{
			"from": [6.125, 0.1875, 9.8125],
			"to": [6.25, 0.5625, 10.1875],
			"faces": {
				"north": {"uv": [6, 0, 8, 6], "rotation": 180, "texture": "#5"},
				"south": {"uv": [6, 0, 8, 6], "rotation": 180, "texture": "#5"},
				"west": {"uv": [0, 0, 6, 6], "rotation": 180, "texture": "#5"},
				"up": {"uv": [8, 0, 10, 6], "texture": "#5"},
				"down": {"uv": [8, 0, 10, 6], "texture": "#5"}
			}
		},
		{
			"from": [6.25, 0, 9.625],
			"to": [6.75, 0.75, 10.375],
			"faces": {
				"north": {"uv": [0, 0, 8, 12], "rotation": 180, "texture": "#6"},
				"east": {"uv": [0, 0, 12, 12], "rotation": 180, "texture": "#7"},
				"south": {"uv": [0, 0, 8, 12], "rotation": 180, "texture": "#6"},
				"west": {"uv": [0, 0, 12, 12], "rotation": 180, "texture": "#7"},
				"up": {"uv": [0, 0, 8, 12], "texture": "#6"},
				"down": {"uv": [0, 0, 8, 12], "texture": "#6"}
			}
		},
		{
			"from": [6, 0.5, 10.5],
			"to": [7, 1, 11.5],
			"faces": {
				"north": {"uv": [0, 0, 16, 8], "texture": "#8"},
				"south": {"uv": [0, 0, 16, 8], "texture": "#8"},
				"west": {"uv": [0, 0, 16, 8], "texture": "#8"},
				"up": {"uv": [0, 0, 16, 16], "texture": "#8"},
				"down": {"uv": [0, 0, 16, 16], "texture": "#8"}
			}
		},
		{
			"from": [6.75, 0.5625, 11.875],
			"to": [6.875, 1, 12.125],
			"faces": {
				"north": {"uv": [12, 9, 14, 16], "rotation": 180, "texture": "#4"},
				"east": {"uv": [10, 16, 6, 9], "rotation": 180, "texture": "#4"},
				"south": {"uv": [2, 9, 4, 16], "rotation": 180, "texture": "#4"},
				"west": {"uv": [6, 9, 10, 16], "rotation": 180, "texture": "#4"}
			}
		},
		{
			"from": [6.125, 0.5625, 11.875],
			"to": [6.25, 1, 12.125],
			"faces": {
				"north": {"uv": [2, 9, 4, 16], "rotation": 180, "texture": "#4"},
				"east": {"uv": [10, 16, 6, 9], "rotation": 180, "texture": "#4"},
				"south": {"uv": [12, 9, 14, 16], "rotation": 180, "texture": "#4"},
				"west": {"uv": [6, 9, 10, 16], "rotation": 180, "texture": "#4"}
			}
		},
		{
			"from": [6.75, 0.1875, 11.8125],
			"to": [6.875, 0.5625, 12.1875],
			"faces": {
				"north": {"uv": [6, 0, 8, 6], "rotation": 180, "texture": "#5"},
				"east": {"uv": [0, 0, 6, 6], "rotation": 180, "texture": "#5"},
				"south": {"uv": [6, 0, 8, 6], "rotation": 180, "texture": "#5"},
				"up": {"uv": [8, 0, 10, 6], "texture": "#5"},
				"down": {"uv": [8, 0, 10, 6], "texture": "#5"}
			}
		},
		{
			"from": [6.125, 0.1875, 11.8125],
			"to": [6.25, 0.5625, 12.1875],
			"faces": {
				"north": {"uv": [6, 0, 8, 6], "rotation": 180, "texture": "#5"},
				"south": {"uv": [6, 0, 8, 6], "rotation": 180, "texture": "#5"},
				"west": {"uv": [0, 0, 6, 6], "rotation": 180, "texture": "#5"},
				"up": {"uv": [8, 0, 10, 6], "texture": "#5"},
				"down": {"uv": [8, 0, 10, 6], "texture": "#5"}
			}
		},
		{
			"from": [6.25, 0, 11.625],
			"to": [6.75, 0.75, 12.375],
			"faces": {
				"north": {"uv": [0, 0, 8, 12], "rotation": 180, "texture": "#6"},
				"east": {"uv": [0, 0, 12, 12], "rotation": 180, "texture": "#7"},
				"south": {"uv": [0, 0, 8, 12], "rotation": 180, "texture": "#6"},
				"west": {"uv": [0, 0, 12, 12], "rotation": 180, "texture": "#7"},
				"up": {"uv": [0, 0, 8, 12], "texture": "#6"},
				"down": {"uv": [0, 0, 8, 12], "texture": "#6"}
			}
		},
		{
			"from": [7, 0.5, 3.5],
			"to": [8, 1, 4.5],
			"faces": {
				"north": {"uv": [0, 0, 16, 8], "texture": "#8"},
				"west": {"uv": [0, 0, 16, 8], "texture": "#8"},
				"down": {"uv": [0, 0, 16, 16], "texture": "#8"}
			}
		},
		{
			"from": [7, 0.5, 4.5],
			"to": [8, 1, 5.5],
			"faces": {
				"down": {"uv": [0, 0, 16, 16], "texture": "#8"}
			}
		},
		{
			"from": [7, 0.5, 5.5],
			"to": [8, 1, 6.5],
			"faces": {
				"west": {"uv": [0, 0, 16, 8], "texture": "#8"},
				"down": {"uv": [0, 0, 16, 16], "texture": "#8"}
			}
		},
		{
			"from": [7, 0.5, 6.5],
			"to": [8, 1, 7.5],
			"faces": {
				"west": {"uv": [0, 0, 16, 8], "texture": "#8"},
				"down": {"uv": [0, 0, 16, 16], "texture": "#8"}
			}
		},
		{
			"from": [7, 0.5, 7.5],
			"to": [8, 1, 8.5],
			"faces": {
				"down": {"uv": [0, 0, 16, 16], "texture": "#8"}
			}
		},
		{
			"from": [7, 0.5, 8.5],
			"to": [8, 1, 9.5],
			"faces": {
				"west": {"uv": [0, 0, 16, 8], "texture": "#8"},
				"down": {"uv": [0, 0, 16, 16], "texture": "#8"}
			}
		},
		{
			"from": [7, 0.5, 9.5],
			"to": [8, 1, 10.5],
			"faces": {
				"west": {"uv": [0, 0, 16, 8], "texture": "#8"},
				"down": {"uv": [0, 0, 16, 16], "texture": "#8"}
			}
		},
		{
			"from": [7, 0.5, 10.5],
			"to": [8, 1, 11.5],
			"faces": {
				"down": {"uv": [0, 0, 16, 16], "texture": "#8"}
			}
		},
		{
			"from": [7, 0.5, 11.5],
			"to": [8, 1, 12.5],
			"faces": {
				"south": {"uv": [0, 0, 16, 8], "texture": "#8"},
				"west": {"uv": [0, 0, 16, 8], "texture": "#8"},
				"down": {"uv": [0, 0, 16, 16], "texture": "#8"}
			}
		},
		{
			"from": [8, 0.5, 3.5],
			"to": [9, 1, 4.5],
			"faces": {
				"north": {"uv": [0, 0, 16, 8], "texture": "#8"},
				"east": {"uv": [0, 0, 16, 8], "texture": "#8"},
				"down": {"uv": [0, 0, 16, 16], "texture": "#8"}
			}
		},
		{
			"from": [8, 0.5, 4.5],
			"to": [9, 1, 5.5],
			"faces": {
				"down": {"uv": [0, 0, 16, 16], "texture": "#8"}
			}
		},
		{
			"from": [8, 0.5, 5.5],
			"to": [9, 1, 6.5],
			"faces": {
				"east": {"uv": [0, 0, 16, 8], "texture": "#8"},
				"down": {"uv": [0, 0, 16, 16], "texture": "#8"}
			}
		},
		{
			"from": [8, 0.5, 6.5],
			"to": [9, 1, 7.5],
			"faces": {
				"east": {"uv": [0, 0, 16, 8], "texture": "#8"},
				"down": {"uv": [0, 0, 16, 16], "texture": "#8"}
			}
		},
		{
			"from": [8, 0.5, 7.5],
			"to": [9, 1, 8.5],
			"faces": {
				"down": {"uv": [0, 0, 16, 16], "texture": "#8"}
			}
		},
		{
			"from": [8, 0.5, 8.5],
			"to": [9, 1, 9.5],
			"faces": {
				"east": {"uv": [0, 0, 16, 8], "texture": "#8"},
				"down": {"uv": [0, 0, 16, 16], "texture": "#8"}
			}
		},
		{
			"from": [8, 0.5, 9.5],
			"to": [9, 1, 10.5],
			"faces": {
				"east": {"uv": [0, 0, 16, 8], "texture": "#8"},
				"down": {"uv": [0, 0, 16, 16], "texture": "#8"}
			}
		},
		{
			"from": [8, 0.5, 10.5],
			"to": [9, 1, 11.5],
			"faces": {
				"down": {"uv": [0, 0, 16, 16], "texture": "#8"}
			}
		},
		{
			"from": [8, 0.5, 11.5],
			"to": [9, 1, 12.5],
			"faces": {
				"east": {"uv": [0, 0, 16, 8], "texture": "#8"},
				"south": {"uv": [0, 0, 16, 8], "texture": "#8"},
				"down": {"uv": [0, 0, 16, 16], "texture": "#8"}
			}
		},
		{
			"from": [9.75, 0.5625, 3.875],
			"to": [9.875, 1, 4.125],
			"faces": {
				"north": {"uv": [12, 9, 14, 16], "rotation": 180, "texture": "#4"},
				"east": {"uv": [10, 16, 6, 9], "rotation": 180, "texture": "#4"},
				"south": {"uv": [2, 9, 4, 16], "rotation": 180, "texture": "#4"},
				"west": {"uv": [6, 9, 10, 16], "rotation": 180, "texture": "#4"}
			}
		},
		{
			"from": [9.125, 0.5625, 3.875],
			"to": [9.25, 1, 4.125],
			"faces": {
				"north": {"uv": [2, 9, 4, 16], "rotation": 180, "texture": "#4"},
				"east": {"uv": [10, 16, 6, 9], "rotation": 180, "texture": "#4"},
				"south": {"uv": [12, 9, 14, 16], "rotation": 180, "texture": "#4"},
				"west": {"uv": [6, 9, 10, 16], "rotation": 180, "texture": "#4"}
			}
		},
		{
			"from": [9.75, 0.1875, 3.8125],
			"to": [9.875, 0.5625, 4.1875],
			"faces": {
				"north": {"uv": [6, 0, 8, 6], "rotation": 180, "texture": "#5"},
				"east": {"uv": [0, 0, 6, 6], "rotation": 180, "texture": "#5"},
				"south": {"uv": [6, 0, 8, 6], "rotation": 180, "texture": "#5"},
				"up": {"uv": [8, 0, 10, 6], "texture": "#5"},
				"down": {"uv": [8, 0, 10, 6], "texture": "#5"}
			}
		},
		{
			"from": [9.125, 0.1875, 3.8125],
			"to": [9.25, 0.5625, 4.1875],
			"faces": {
				"north": {"uv": [6, 0, 8, 6], "rotation": 180, "texture": "#5"},
				"south": {"uv": [6, 0, 8, 6], "rotation": 180, "texture": "#5"},
				"west": {"uv": [0, 0, 6, 6], "rotation": 180, "texture": "#5"},
				"up": {"uv": [8, 0, 10, 6], "texture": "#5"},
				"down": {"uv": [8, 0, 10, 6], "texture": "#5"}
			}
		},
		{
			"from": [9.25, 0, 3.625],
			"to": [9.75, 0.75, 4.375],
			"faces": {
				"north": {"uv": [0, 0, 8, 12], "rotation": 180, "texture": "#6"},
				"east": {"uv": [0, 0, 12, 12], "rotation": 180, "texture": "#7"},
				"south": {"uv": [0, 0, 8, 12], "rotation": 180, "texture": "#6"},
				"west": {"uv": [0, 0, 12, 12], "rotation": 180, "texture": "#7"},
				"up": {"uv": [0, 0, 8, 12], "texture": "#6"},
				"down": {"uv": [0, 0, 8, 12], "texture": "#6"}
			}
		},
		{
			"from": [9, 0.5, 4.5],
			"to": [10, 1, 5.5],
			"faces": {
				"north": {"uv": [0, 0, 16, 8], "texture": "#8"},
				"east": {"uv": [0, 0, 16, 8], "texture": "#8"},
				"south": {"uv": [0, 0, 16, 8], "texture": "#8"},
				"up": {"uv": [0, 0, 16, 16], "texture": "#8"},
				"down": {"uv": [0, 0, 16, 16], "texture": "#8"}
			}
		},
		{
			"from": [9.75, 0.5625, 5.875],
			"to": [9.875, 1, 6.125],
			"faces": {
				"north": {"uv": [12, 9, 14, 16], "rotation": 180, "texture": "#4"},
				"east": {"uv": [10, 16, 6, 9], "rotation": 180, "texture": "#4"},
				"south": {"uv": [2, 9, 4, 16], "rotation": 180, "texture": "#4"},
				"west": {"uv": [6, 9, 10, 16], "rotation": 180, "texture": "#4"}
			}
		},
		{
			"from": [9.125, 0.5625, 5.875],
			"to": [9.25, 1, 6.125],
			"faces": {
				"north": {"uv": [2, 9, 4, 16], "rotation": 180, "texture": "#4"},
				"east": {"uv": [10, 16, 6, 9], "rotation": 180, "texture": "#4"},
				"south": {"uv": [12, 9, 14, 16], "rotation": 180, "texture": "#4"},
				"west": {"uv": [6, 9, 10, 16], "rotation": 180, "texture": "#4"}
			}
		},
		{
			"from": [9.75, 0.1875, 5.8125],
			"to": [9.875, 0.5625, 6.1875],
			"faces": {
				"north": {"uv": [6, 0, 8, 6], "rotation": 180, "texture": "#5"},
				"east": {"uv": [0, 0, 6, 6], "rotation": 180, "texture": "#5"},
				"south": {"uv": [6, 0, 8, 6], "rotation": 180, "texture": "#5"},
				"up": {"uv": [8, 0, 10, 6], "texture": "#5"},
				"down": {"uv": [8, 0, 10, 6], "texture": "#5"}
			}
		},
		{
			"from": [9.125, 0.1875, 5.8125],
			"to": [9.25, 0.5625, 6.1875],
			"faces": {
				"north": {"uv": [6, 0, 8, 6], "rotation": 180, "texture": "#5"},
				"south": {"uv": [6, 0, 8, 6], "rotation": 180, "texture": "#5"},
				"west": {"uv": [0, 0, 6, 6], "rotation": 180, "texture": "#5"},
				"up": {"uv": [8, 0, 10, 6], "texture": "#5"},
				"down": {"uv": [8, 0, 10, 6], "texture": "#5"}
			}
		},
		{
			"from": [9.25, 0, 5.625],
			"to": [9.75, 0.75, 6.375],
			"faces": {
				"north": {"uv": [0, 0, 8, 12], "rotation": 180, "texture": "#6"},
				"east": {"uv": [0, 0, 12, 12], "rotation": 180, "texture": "#7"},
				"south": {"uv": [0, 0, 8, 12], "rotation": 180, "texture": "#6"},
				"west": {"uv": [0, 0, 12, 12], "rotation": 180, "texture": "#7"},
				"up": {"uv": [0, 0, 8, 12], "texture": "#6"},
				"down": {"uv": [0, 0, 8, 12], "texture": "#6"}
			}
		},
		{
			"from": [9, 0.5, 7.5],
			"to": [10, 1, 8.5],
			"faces": {
				"north": {"uv": [0, 0, 16, 8], "texture": "#8"},
				"east": {"uv": [0, 0, 16, 8], "texture": "#8"},
				"south": {"uv": [0, 0, 16, 8], "texture": "#8"},
				"down": {"uv": [0, 0, 16, 16], "texture": "#8"}
			}
		},
		{
			"from": [9.75, 0.5625, 9.875],
			"to": [9.875, 1, 10.125],
			"faces": {
				"north": {"uv": [12, 9, 14, 16], "rotation": 180, "texture": "#4"},
				"east": {"uv": [10, 16, 6, 9], "rotation": 180, "texture": "#4"},
				"south": {"uv": [2, 9, 4, 16], "rotation": 180, "texture": "#4"},
				"west": {"uv": [6, 9, 10, 16], "rotation": 180, "texture": "#4"}
			}
		},
		{
			"from": [9.125, 0.5625, 9.875],
			"to": [9.25, 1, 10.125],
			"faces": {
				"north": {"uv": [2, 9, 4, 16], "rotation": 180, "texture": "#4"},
				"east": {"uv": [10, 16, 6, 9], "rotation": 180, "texture": "#4"},
				"south": {"uv": [12, 9, 14, 16], "rotation": 180, "texture": "#4"},
				"west": {"uv": [6, 9, 10, 16], "rotation": 180, "texture": "#4"}
			}
		},
		{
			"from": [9.75, 0.1875, 9.8125],
			"to": [9.875, 0.5625, 10.1875],
			"faces": {
				"north": {"uv": [6, 0, 8, 6], "rotation": 180, "texture": "#5"},
				"east": {"uv": [0, 0, 6, 6], "rotation": 180, "texture": "#5"},
				"south": {"uv": [6, 0, 8, 6], "rotation": 180, "texture": "#5"},
				"up": {"uv": [8, 0, 10, 6], "texture": "#5"},
				"down": {"uv": [8, 0, 10, 6], "texture": "#5"}
			}
		},
		{
			"from": [9.125, 0.1875, 9.8125],
			"to": [9.25, 0.5625, 10.1875],
			"faces": {
				"north": {"uv": [6, 0, 8, 6], "rotation": 180, "texture": "#5"},
				"south": {"uv": [6, 0, 8, 6], "rotation": 180, "texture": "#5"},
				"west": {"uv": [0, 0, 6, 6], "rotation": 180, "texture": "#5"},
				"up": {"uv": [8, 0, 10, 6], "texture": "#5"},
				"down": {"uv": [8, 0, 10, 6], "texture": "#5"}
			}
		},
		{
			"from": [9.25, 0, 9.625],
			"to": [9.75, 0.75, 10.375],
			"faces": {
				"north": {"uv": [0, 0, 8, 12], "rotation": 180, "texture": "#6"},
				"east": {"uv": [0, 0, 12, 12], "rotation": 180, "texture": "#7"},
				"south": {"uv": [0, 0, 8, 12], "rotation": 180, "texture": "#6"},
				"west": {"uv": [0, 0, 12, 12], "rotation": 180, "texture": "#7"},
				"up": {"uv": [0, 0, 8, 12], "texture": "#6"},
				"down": {"uv": [0, 0, 8, 12], "texture": "#6"}
			}
		},
		{
			"from": [9, 0.5, 10.5],
			"to": [10, 1, 11.5],
			"faces": {
				"north": {"uv": [0, 0, 16, 8], "texture": "#8"},
				"east": {"uv": [0, 0, 16, 8], "texture": "#8"},
				"south": {"uv": [0, 0, 16, 8], "texture": "#8"},
				"up": {"uv": [0, 0, 16, 16], "texture": "#8"},
				"down": {"uv": [0, 0, 16, 16], "texture": "#8"}
			}
		},
		{
			"from": [9.75, 0.5625, 11.875],
			"to": [9.875, 1, 12.125],
			"faces": {
				"north": {"uv": [12, 9, 14, 16], "rotation": 180, "texture": "#4"},
				"east": {"uv": [10, 16, 6, 9], "rotation": 180, "texture": "#4"},
				"south": {"uv": [2, 9, 4, 16], "rotation": 180, "texture": "#4"},
				"west": {"uv": [6, 9, 10, 16], "rotation": 180, "texture": "#4"}
			}
		},
		{
			"from": [9.125, 0.5625, 11.875],
			"to": [9.25, 1, 12.125],
			"faces": {
				"north": {"uv": [2, 9, 4, 16], "rotation": 180, "texture": "#4"},
				"east": {"uv": [10, 16, 6, 9], "rotation": 180, "texture": "#4"},
				"south": {"uv": [12, 9, 14, 16], "rotation": 180, "texture": "#4"},
				"west": {"uv": [6, 9, 10, 16], "rotation": 180, "texture": "#4"}
			}
		},
		{
			"from": [9.75, 0.1875, 11.8125],
			"to": [9.875, 0.5625, 12.1875],
			"faces": {
				"north": {"uv": [6, 0, 8, 6], "rotation": 180, "texture": "#5"},
				"east": {"uv": [0, 0, 6, 6], "rotation": 180, "texture": "#5"},
				"south": {"uv": [6, 0, 8, 6], "rotation": 180, "texture": "#5"},
				"up": {"uv": [8, 0, 10, 6], "texture": "#5"},
				"down": {"uv": [8, 0, 10, 6], "texture": "#5"}
			}
		},
		{
			"from": [9.125, 0.1875, 11.8125],
			"to": [9.25, 0.5625, 12.1875],
			"faces": {
				"north": {"uv": [6, 0, 8, 6], "rotation": 180, "texture": "#5"},
				"south": {"uv": [6, 0, 8, 6], "rotation": 180, "texture": "#5"},
				"west": {"uv": [0, 0, 6, 6], "rotation": 180, "texture": "#5"},
				"up": {"uv": [8, 0, 10, 6], "texture": "#5"},
				"down": {"uv": [8, 0, 10, 6], "texture": "#5"}
			}
		},
		{
			"from": [9.25, 0, 11.625],
			"to": [9.75, 0.75, 12.375],
			"faces": {
				"north": {"uv": [0, 0, 8, 12], "rotation": 180, "texture": "#6"},
				"east": {"uv": [0, 0, 12, 12], "rotation": 180, "texture": "#7"},
				"south": {"uv": [0, 0, 8, 12], "rotation": 180, "texture": "#6"},
				"west": {"uv": [0, 0, 12, 12], "rotation": 180, "texture": "#7"},
				"up": {"uv": [0, 0, 8, 12], "texture": "#6"},
				"down": {"uv": [0, 0, 8, 12], "texture": "#6"}
			}
		},
		{
			"from": [6, 1.5, 4.5],
			"to": [7, 2, 5.5],
			"faces": {
				"west": {"uv": [0, 0, 16, 8], "texture": "#0"},
				"down": {"uv": [0, 0, 16, 16], "texture": "#0"}
			}
		},
		{
			"from": [6.5, 1, 4.5],
			"to": [7, 1.5, 5.5],
			"faces": {
				"west": {"uv": [0, 8, 16, 16], "texture": "#0"}
			}
		},
		{
			"from": [6, 1.5, 10.5],
			"to": [7, 2, 11.5],
			"faces": {
				"west": {"uv": [0, 0, 16, 8], "texture": "#0"},
				"down": {"uv": [0, 0, 16, 16], "texture": "#0"}
			}
		},
		{
			"from": [6.5, 1, 10.5],
			"to": [7, 1.5, 11.5],
			"faces": {
				"west": {"uv": [0, 8, 16, 16], "texture": "#0"}
			}
		},
		{
			"from": [7, 1, 3.3125],
			"to": [8, 2, 3.5],
			"faces": {
				"north": {"uv": [0, 0, 16, 16], "texture": "#9"},
				"south": {"uv": [0, 0, 16, 16], "texture": "#9"},
				"west": {"uv": [16, 0, 13, 16], "texture": "#9"},
				"down": {"uv": [0, 13, 16, 16], "texture": "#9"}
			}
		},
		{
			"from": [7, 1, 3.5],
			"to": [8, 1.5, 4.5],
			"faces": {
				"up": {"uv": [0, 0, 16, 16], "texture": "#0"}
			}
		},
		{
			"from": [7, 1.5, 3.5],
			"to": [7.5, 2, 4.5],
			"faces": {
				"east": {"uv": [0, 0, 16, 8], "texture": "#0"},
				"up": {"uv": [0, 0, 8, 16], "texture": "#0"}
			}
		},
		{
			"from": [7, 1, 11.5],
			"to": [8, 1.5, 12.5],
			"faces": {
				"up": {"uv": [0, 0, 16, 16], "texture": "#0"}
			}
		},
		{
			"from": [7, 1.5, 11.5],
			"to": [7.5, 2, 12.5],
			"faces": {
				"east": {"uv": [0, 0, 16, 8], "texture": "#0"},
				"up": {"uv": [0, 0, 8, 16], "texture": "#0"}
			}
		},
		{
			"from": [7, 1, 12.5],
			"to": [8, 2, 12.6875],
			"faces": {
				"north": {"uv": [0, 0, 16, 16], "texture": "#9"},
				"south": {"uv": [0, 0, 16, 16], "texture": "#9"},
				"west": {"uv": [13, 0, 16, 16], "texture": "#9"},
				"down": {"uv": [0, 13, 16, 16], "rotation": 180, "texture": "#9"}
			}
		},
		{
			"from": [8, 1, 3.3125],
			"to": [9, 2, 3.5],
			"faces": {
				"north": {"uv": [0, 0, 16, 16], "texture": "#9"},
				"east": {"uv": [13, 0, 16, 16], "texture": "#9"},
				"south": {"uv": [0, 0, 16, 16], "texture": "#9"},
				"down": {"uv": [0, 13, 16, 16], "texture": "#9"}
			}
		},
		{
			"from": [8, 1, 3.5],
			"to": [9, 1.5, 4.5],
			"faces": {
				"up": {"uv": [0, 0, 16, 16], "texture": "#0"}
			}
		},
		{
			"from": [8.5, 1.5, 3.5],
			"to": [9, 2, 4.5],
			"faces": {
				"west": {"uv": [0, 0, 16, 8], "texture": "#0"},
				"up": {"uv": [8, 0, 16, 16], "texture": "#0"}
			}
		},
		{
			"from": [8, 1, 11.5],
			"to": [9, 1.5, 12.5],
			"faces": {
				"up": {"uv": [0, 0, 16, 16], "texture": "#0"}
			}
		},
		{
			"from": [8.5, 1.5, 11.5],
			"to": [9, 2, 12.5],
			"faces": {
				"west": {"uv": [0, 0, 16, 8], "texture": "#0"},
				"up": {"uv": [8, 0, 16, 16], "texture": "#0"}
			}
		},
		{
			"from": [8, 1, 12.5],
			"to": [9, 2, 12.6875],
			"faces": {
				"north": {"uv": [0, 0, 16, 16], "texture": "#9"},
				"east": {"uv": [16, 0, 13, 16], "texture": "#9"},
				"south": {"uv": [0, 0, 16, 16], "texture": "#9"},
				"down": {"uv": [0, 13, 16, 16], "rotation": 180, "texture": "#9"}
			}
		},
		{
			"from": [9, 1.5, 4.5],
			"to": [10, 2, 5.5],
			"faces": {
				"east": {"uv": [0, 0, 16, 8], "texture": "#0"},
				"down": {"uv": [0, 0, 16, 16], "texture": "#0"}
			}
		},
		{
			"from": [9, 1, 4.5],
			"to": [9.5, 1.5, 5.5],
			"faces": {
				"east": {"uv": [0, 8, 16, 16], "texture": "#0"}
			}
		},
		{
			"from": [9, 1.5, 10.5],
			"to": [10, 2, 11.5],
			"faces": {
				"east": {"uv": [0, 0, 16, 8], "texture": "#0"},
				"down": {"uv": [0, 0, 16, 16], "texture": "#0"}
			}
		},
		{
			"from": [9, 1, 10.5],
			"to": [9.5, 1.5, 11.5],
			"faces": {
				"east": {"uv": [0, 8, 16, 16], "texture": "#0"}
			}
		},
		{
			"from": [7, 2, 3.3125],
			"to": [8, 3, 3.5],
			"faces": {
				"north": {"uv": [0, 0, 16, 16], "texture": "#9"},
				"south": {"uv": [0, 0, 16, 16], "texture": "#9"},
				"west": {"uv": [16, 0, 13, 16], "texture": "#9"}
			}
		},
		{
			"from": [7, 2, 12.5],
			"to": [8, 3, 12.6875],
			"faces": {
				"north": {"uv": [0, 0, 16, 16], "texture": "#9"},
				"south": {"uv": [0, 0, 16, 16], "texture": "#9"},
				"west": {"uv": [13, 0, 16, 16], "texture": "#9"}
			}
		},
		{
			"from": [8, 2, 3.3125],
			"to": [9, 3, 3.5],
			"faces": {
				"north": {"uv": [0, 0, 16, 16], "texture": "#9"},
				"east": {"uv": [13, 0, 16, 16], "texture": "#9"},
				"south": {"uv": [0, 0, 16, 16], "texture": "#9"}
			}
		},
		{
			"from": [8, 2, 12.5],
			"to": [9, 3, 12.6875],
			"faces": {
				"north": {"uv": [0, 0, 16, 16], "texture": "#9"},
				"east": {"uv": [16, 0, 13, 16], "texture": "#9"},
				"south": {"uv": [0, 0, 16, 16], "texture": "#9"}
			}
		},
		{
			"from": [7, 3, 3.3125],
			"to": [8, 4, 3.5],
			"faces": {
				"north": {"uv": [0, 0, 16, 16], "texture": "#9"},
				"south": {"uv": [0, 0, 16, 16], "texture": "#9"},
				"west": {"uv": [16, 0, 13, 16], "texture": "#9"},
				"up": {"uv": [0, 16, 16, 13], "texture": "#9"}
			}
		},
		{
			"from": [7, 3.5, 3.5],
			"to": [8, 4, 4.5],
			"faces": {
				"down": {"uv": [0, 0, 16, 16], "texture": "#2"}
			}
		},
		{
			"from": [7, 3, 3.5],
			"to": [7.5, 3.5, 4.5],
			"faces": {
				"east": {"uv": [0, 8, 16, 16], "texture": "#2"},
				"down": {"uv": [0, 0, 8, 16], "texture": "#2"}
			}
		},
		{
			"from": [7, 3.5, 11.5],
			"to": [8, 4, 12.5],
			"faces": {
				"down": {"uv": [0, 0, 16, 16], "texture": "#2"}
			}
		},
		{
			"from": [7, 3, 11.5],
			"to": [7.5, 3.5, 12.5],
			"faces": {
				"east": {"uv": [0, 8, 16, 16], "texture": "#2"},
				"down": {"uv": [0, 0, 8, 16], "texture": "#2"}
			}
		},
		{
			"from": [7, 3, 12.5],
			"to": [8, 4, 12.6875],
			"faces": {
				"north": {"uv": [0, 0, 16, 16], "texture": "#9"},
				"south": {"uv": [0, 0, 16, 16], "texture": "#9"},
				"west": {"uv": [13, 0, 16, 16], "texture": "#9"},
				"up": {"uv": [0, 16, 16, 13], "rotation": 180, "texture": "#9"}
			}
		},
		{
			"from": [8, 3, 3.3125],
			"to": [9, 4, 3.5],
			"faces": {
				"north": {"uv": [0, 0, 16, 16], "texture": "#9"},
				"east": {"uv": [13, 0, 16, 16], "texture": "#9"},
				"south": {"uv": [0, 0, 16, 16], "texture": "#9"},
				"up": {"uv": [0, 16, 16, 13], "texture": "#9"}
			}
		},
		{
			"from": [8, 3.5, 3.5],
			"to": [9, 4, 4.5],
			"faces": {
				"down": {"uv": [0, 0, 16, 16], "texture": "#2"}
			}
		},
		{
			"from": [8.5, 3, 3.5],
			"to": [9, 3.5, 4.5],
			"faces": {
				"west": {"uv": [0, 8, 16, 16], "texture": "#2"},
				"down": {"uv": [8, 0, 16, 16], "texture": "#2"}
			}
		},
		{
			"from": [8, 3.5, 11.5],
			"to": [9, 4, 12.5],
			"faces": {
				"down": {"uv": [0, 0, 16, 16], "texture": "#2"}
			}
		},
		{
			"from": [8.5, 3, 11.5],
			"to": [9, 3.5, 12.5],
			"faces": {
				"west": {"uv": [0, 8, 16, 16], "texture": "#2"},
				"down": {"uv": [8, 0, 16, 16], "texture": "#2"}
			}
		},
		{
			"from": [8, 3, 12.5],
			"to": [9, 4, 12.6875],
			"faces": {
				"north": {"uv": [0, 0, 16, 16], "texture": "#9"},
				"east": {"uv": [16, 0, 13, 16], "texture": "#9"},
				"south": {"uv": [0, 0, 16, 16], "texture": "#9"},
				"up": {"uv": [0, 16, 16, 13], "rotation": 180, "texture": "#9"}
			}
		},
		{
			"from": [6, 4, 3.5],
			"to": [7, 4.5, 4.5],
			"faces": {
				"north": {"uv": [0, 8, 16, 16], "texture": "#10"},
				"west": {"uv": [0, 8, 16, 16], "texture": "#10"},
				"up": {"uv": [0, 0, 16, 16], "texture": "#11"}
			}
		},
		{
			"from": [6, 4, 4.5],
			"to": [7, 4.5, 5.5],
			"faces": {
				"west": {"uv": [0, 8, 16, 16], "texture": "#10"},
				"up": {"uv": [0, 0, 16, 16], "texture": "#11"}
			}
		},
		{
			"from": [6, 4, 5.5],
			"to": [7, 4.5, 6.5],
			"faces": {
				"west": {"uv": [0, 8, 16, 16], "texture": "#10"},
				"up": {"uv": [0, 0, 16, 16], "texture": "#11"}
			}
		},
		{
			"from": [6, 4, 6.5],
			"to": [7, 4.5, 7.5],
			"faces": {
				"west": {"uv": [0, 8, 16, 16], "texture": "#10"},
				"up": {"uv": [0, 0, 16, 16], "texture": "#11"}
			}
		},
		{
			"from": [6, 4, 7.5],
			"to": [7, 4.5, 8.5],
			"faces": {
				"west": {"uv": [0, 8, 16, 16], "texture": "#10"},
				"up": {"uv": [0, 0, 16, 16], "texture": "#11"}
			}
		},
		{
			"from": [6, 4, 8.5],
			"to": [7, 4.5, 9.5],
			"faces": {
				"west": {"uv": [0, 8, 16, 16], "texture": "#10"},
				"up": {"uv": [0, 0, 16, 16], "texture": "#11"}
			}
		},
		{
			"from": [6, 4, 9.5],
			"to": [7, 4.5, 10.5],
			"faces": {
				"west": {"uv": [0, 8, 16, 16], "texture": "#10"},
				"up": {"uv": [0, 0, 16, 16], "texture": "#11"}
			}
		},
		{
			"from": [6, 4, 10.5],
			"to": [7, 4.5, 11.5],
			"faces": {
				"west": {"uv": [0, 8, 16, 16], "texture": "#10"},
				"up": {"uv": [0, 0, 16, 16], "texture": "#11"}
			}
		},
		{
			"from": [6, 4, 11.5],
			"to": [7, 4.5, 12.5],
			"faces": {
				"south": {"uv": [0, 8, 16, 16], "texture": "#10"},
				"west": {"uv": [0, 8, 16, 16], "texture": "#10"},
				"up": {"uv": [0, 0, 16, 16], "texture": "#11"}
			}
		},
		{
			"from": [7, 4, 3.5],
			"to": [8, 4.5, 4.5],
			"faces": {
				"north": {"uv": [0, 8, 16, 16], "texture": "#10"},
				"up": {"uv": [0, 0, 16, 16], "texture": "#11"}
			}
		},
		{
			"from": [7, 4, 4.5],
			"to": [8, 4.5, 5.5],
			"faces": {
				"up": {"uv": [0, 0, 16, 16], "texture": "#11"}
			}
		},
		{
			"from": [7, 4, 5.5],
			"to": [8, 4.5, 6.5],
			"faces": {
				"up": {"uv": [0, 0, 16, 16], "texture": "#11"}
			}
		},
		{
			"from": [7, 4, 6.5],
			"to": [8, 4.5, 7.5],
			"faces": {
				"up": {"uv": [0, 0, 16, 16], "texture": "#11"}
			}
		},
		{
			"from": [7, 4, 7.5],
			"to": [8, 4.5, 8.5],
			"faces": {
				"up": {"uv": [0, 0, 16, 16], "texture": "#11"}
			}
		},
		{
			"from": [7, 4, 8.5],
			"to": [8, 4.5, 9.5],
			"faces": {
				"up": {"uv": [0, 0, 16, 16], "texture": "#11"}
			}
		},
		{
			"from": [7, 4, 9.5],
			"to": [8, 4.5, 10.5],
			"faces": {
				"up": {"uv": [0, 0, 16, 16], "texture": "#11"}
			}
		},
		{
			"from": [7, 4, 10.5],
			"to": [8, 4.5, 11.5],
			"faces": {
				"up": {"uv": [0, 0, 16, 16], "texture": "#11"}
			}
		},
		{
			"from": [7, 4, 11.5],
			"to": [8, 4.5, 12.5],
			"faces": {
				"south": {"uv": [0, 8, 16, 16], "texture": "#10"},
				"up": {"uv": [0, 0, 16, 16], "texture": "#11"}
			}
		},
		{
			"from": [8, 4, 3.5],
			"to": [9, 4.5, 4.5],
			"faces": {
				"north": {"uv": [0, 8, 16, 16], "texture": "#10"},
				"up": {"uv": [0, 0, 16, 16], "texture": "#11"}
			}
		},
		{
			"from": [8, 4, 4.5],
			"to": [9, 4.5, 5.5],
			"faces": {
				"up": {"uv": [0, 0, 16, 16], "texture": "#11"}
			}
		},
		{
			"from": [8, 4, 5.5],
			"to": [9, 4.5, 6.5],
			"faces": {
				"up": {"uv": [0, 0, 16, 16], "texture": "#11"}
			}
		},
		{
			"from": [8, 4, 6.5],
			"to": [9, 4.5, 7.5],
			"faces": {
				"up": {"uv": [0, 0, 16, 16], "texture": "#11"}
			}
		},
		{
			"from": [8, 4, 7.5],
			"to": [9, 4.5, 8.5],
			"faces": {
				"up": {"uv": [0, 0, 16, 16], "texture": "#11"}
			}
		},
		{
			"from": [8, 4, 8.5],
			"to": [9, 4.5, 9.5],
			"faces": {
				"up": {"uv": [0, 0, 16, 16], "texture": "#11"}
			}
		},
		{
			"from": [8, 4, 9.5],
			"to": [9, 4.5, 10.5],
			"faces": {
				"up": {"uv": [0, 0, 16, 16], "texture": "#11"}
			}
		},
		{
			"from": [8, 4, 10.5],
			"to": [9, 4.5, 11.5],
			"faces": {
				"up": {"uv": [0, 0, 16, 16], "texture": "#11"}
			}
		},
		{
			"from": [8, 4, 11.5],
			"to": [9, 4.5, 12.5],
			"faces": {
				"south": {"uv": [0, 8, 16, 16], "texture": "#10"},
				"up": {"uv": [0, 0, 16, 16], "texture": "#11"}
			}
		},
		{
			"from": [9, 4, 3.5],
			"to": [10, 4.5, 4.5],
			"faces": {
				"north": {"uv": [0, 8, 16, 16], "texture": "#10"},
				"east": {"uv": [0, 8, 16, 16], "texture": "#10"},
				"up": {"uv": [0, 0, 16, 16], "texture": "#11"}
			}
		},
		{
			"from": [9, 4, 4.5],
			"to": [10, 4.5, 5.5],
			"faces": {
				"east": {"uv": [0, 8, 16, 16], "texture": "#10"},
				"up": {"uv": [0, 0, 16, 16], "texture": "#11"}
			}
		},
		{
			"from": [9, 4, 5.5],
			"to": [10, 4.5, 6.5],
			"faces": {
				"east": {"uv": [0, 8, 16, 16], "texture": "#10"},
				"up": {"uv": [0, 0, 16, 16], "texture": "#11"}
			}
		},
		{
			"from": [9, 4, 6.5],
			"to": [10, 4.5, 7.5],
			"faces": {
				"east": {"uv": [0, 8, 16, 16], "texture": "#10"},
				"up": {"uv": [0, 0, 16, 16], "texture": "#11"}
			}
		},
		{
			"from": [9, 4, 7.5],
			"to": [10, 4.5, 8.5],
			"faces": {
				"east": {"uv": [0, 8, 16, 16], "texture": "#10"},
				"up": {"uv": [0, 0, 16, 16], "texture": "#11"}
			}
		},
		{
			"from": [9, 4, 8.5],
			"to": [10, 4.5, 9.5],
			"faces": {
				"east": {"uv": [0, 8, 16, 16], "texture": "#10"},
				"up": {"uv": [0, 0, 16, 16], "texture": "#11"}
			}
		},
		{
			"from": [9, 4, 9.5],
			"to": [10, 4.5, 10.5],
			"faces": {
				"east": {"uv": [0, 8, 16, 16], "texture": "#10"},
				"up": {"uv": [0, 0, 16, 16], "texture": "#11"}
			}
		},
		{
			"from": [9, 4, 10.5],
			"to": [10, 4.5, 11.5],
			"faces": {
				"east": {"uv": [0, 8, 16, 16], "texture": "#10"},
				"up": {"uv": [0, 0, 16, 16], "texture": "#11"}
			}
		},
		{
			"from": [9, 4, 11.5],
			"to": [10, 4.5, 12.5],
			"faces": {
				"east": {"uv": [0, 8, 16, 16], "texture": "#10"},
				"south": {"uv": [0, 8, 16, 16], "texture": "#10"},
				"up": {"uv": [0, 0, 16, 16], "texture": "#11"}
			}
		}
	]
}