{
	"credit": "Made with Blockbench",
	"texture_size": [64, 64],
	"textures": {
		"0": "item/wormhole_creator",
		"particle": "item/wormhole_creator"
	},
	"elements": [
		{
			"from": [7, 8, 1],
			"to": [9, 10, 5],
			"rotation": {"angle": 45, "axis": "z", "origin": [8, 9, 4.5]},
			"faces": {
				"north": {"uv": [3.25, 4.75, 3.75, 5.25], "texture": "#0"},
				"east": {"uv": [6, 2, 7, 2.5], "texture": "#0"},
				"south": {"uv": [5.5, 6.75, 6, 7.25], "texture": "#0"},
				"west": {"uv": [1, 8.75, 2, 9.25], "texture": "#0"},
				"up": {"uv": [7, 5.75, 6.5, 4.75], "texture": "#0"},
				"down": {"uv": [4.5, 7.25, 4, 8.25], "texture": "#0"}
			}
		},
		{
			"from": [5, 7, -3],
			"to": [6, 11, 1],
			"rotation": {"angle": 0, "axis": "y", "origin": [0, 0, -3]},
			"faces": {
				"north": {"uv": [7.25, 9.25, 7.5, 10.25], "texture": "#0"},
				"east": {"uv": [8, 3.25, 9, 4.25], "texture": "#0"},
				"south": {"uv": [7.5, 9.25, 7.75, 10.25], "texture": "#0"},
				"west": {"uv": [4, 8.25, 5, 9.25], "texture": "#0"},
				"up": {"uv": [8, 10.25, 7.75, 9.25], "texture": "#0"},
				"down": {"uv": [8.25, 9.25, 8, 10.25], "texture": "#0"}
			}
		},
		{
			"from": [5, 11, -3],
			"to": [11, 12, 1],
			"rotation": {"angle": 0, "axis": "y", "origin": [0, 0, -3]},
			"faces": {
				"north": {"uv": [9, 3.25, 10.5, 3.5], "texture": "#0"},
				"east": {"uv": [9.25, 5.25, 10.25, 5.5], "texture": "#0"},
				"south": {"uv": [9, 3.5, 10.5, 3.75], "texture": "#0"},
				"west": {"uv": [9.25, 5.5, 10.25, 5.75], "texture": "#0"},
				"up": {"uv": [6.5, 5.75, 5, 4.75], "texture": "#0"},
				"down": {"uv": [4.75, 5.25, 3.25, 6.25], "texture": "#0"}
			}
		},
		{
			"from": [10, 7, -3],
			"to": [11, 11, 1],
			"rotation": {"angle": 0, "axis": "y", "origin": [0, 0, -3]},
			"faces": {
				"north": {"uv": [7.25, 0, 7.5, 1], "texture": "#0"},
				"east": {"uv": [8, 1.25, 9, 2.25], "texture": "#0"},
				"south": {"uv": [1.75, 9.25, 2, 10.25], "texture": "#0"},
				"west": {"uv": [8, 2.25, 9, 3.25], "texture": "#0"},
				"up": {"uv": [9.5, 6.75, 9.25, 5.75], "texture": "#0"},
				"down": {"uv": [7.25, 9.25, 7, 10.25], "texture": "#0"}
			}
		},
		{
			"from": [5, 6, -3],
			"to": [11, 7, 1],
			"rotation": {"angle": 0, "axis": "y", "origin": [0, 0, -3]},
			"faces": {
				"north": {"uv": [9, 3.75, 10.5, 4], "texture": "#0"},
				"east": {"uv": [9.25, 6.75, 10.25, 7], "texture": "#0"},
				"south": {"uv": [9, 4, 10.5, 4.25], "texture": "#0"},
				"west": {"uv": [9.25, 7, 10.25, 7.25], "texture": "#0"},
				"up": {"uv": [7.25, 1, 5.75, 0], "texture": "#0"},
				"down": {"uv": [6.25, 5.75, 4.75, 6.75], "texture": "#0"}
			}
		},
		{
			"from": [5, 12, 1],
			"to": [11, 13, 5],
			"rotation": {"angle": 0, "axis": "y", "origin": [0, 0, -3]},
			"faces": {
				"north": {"uv": [9, 7.75, 10.5, 8], "texture": "#0"},
				"east": {"uv": [9.5, 0, 10.5, 0.25], "texture": "#0"},
				"south": {"uv": [9, 8, 10.5, 8.25], "texture": "#0"},
				"west": {"uv": [9.5, 0.25, 10.5, 0.5], "texture": "#0"},
				"up": {"uv": [3, 7.25, 1.5, 6.25], "texture": "#0"},
				"down": {"uv": [4.5, 6.25, 3, 7.25], "texture": "#0"}
			}
		},
		{
			"from": [4, 6, 1],
			"to": [5, 12, 5],
			"rotation": {"angle": 0, "axis": "y", "origin": [0, 0, -3]},
			"faces": {
				"north": {"uv": [8.5, 9, 8.75, 10.5], "texture": "#0"},
				"east": {"uv": [6.25, 5.75, 7.25, 7.25], "texture": "#0"},
				"south": {"uv": [8.75, 9, 9, 10.5], "texture": "#0"},
				"west": {"uv": [4.5, 6.75, 5.5, 8.25], "texture": "#0"},
				"up": {"uv": [8.5, 10.25, 8.25, 9.25], "texture": "#0"},
				"down": {"uv": [9.75, 0.5, 9.5, 1.5], "texture": "#0"}
			}
		},
		{
			"from": [5, 5, 1],
			"to": [11, 6, 5],
			"rotation": {"angle": 0, "axis": "y", "origin": [0, 0, -3]},
			"faces": {
				"north": {"uv": [7, 9, 8.5, 9.25], "texture": "#0"},
				"east": {"uv": [9.25, 9, 10.25, 9.25], "texture": "#0"},
				"south": {"uv": [9, 7.5, 10.5, 7.75], "texture": "#0"},
				"west": {"uv": [9.25, 9.25, 10.25, 9.5], "texture": "#0"},
				"up": {"uv": [1.5, 7, 0, 6], "texture": "#0"},
				"down": {"uv": [7.5, 1, 6, 2], "texture": "#0"}
			}
		},
		{
			"from": [11, 6, 1],
			"to": [12, 12, 5],
			"rotation": {"angle": 0, "axis": "y", "origin": [0, 0, -3]},
			"faces": {
				"north": {"uv": [9, 9, 9.25, 10.5], "texture": "#0"},
				"east": {"uv": [0, 7, 1, 8.5], "texture": "#0"},
				"south": {"uv": [1, 9.25, 1.25, 10.75], "texture": "#0"},
				"west": {"uv": [7, 2, 8, 3.5], "texture": "#0"},
				"up": {"uv": [9.75, 2.5, 9.5, 1.5], "texture": "#0"},
				"down": {"uv": [2.25, 9.5, 2, 10.5], "texture": "#0"}
			}
		},
		{
			"from": [4.5, 5.5, 5],
			"to": [11.5, 12.5, 6],
			"rotation": {"angle": 0, "axis": "z", "origin": [8, 9, 6]},
			"faces": {
				"north": {"uv": [2, 0, 3.75, 1.75], "texture": "#0"},
				"east": {"uv": [6.5, 9, 6.75, 10.75], "texture": "#0"},
				"south": {"uv": [2, 1.75, 3.75, 3.5], "texture": "#0"},
				"west": {"uv": [6.75, 9, 7, 10.75], "texture": "#0"},
				"up": {"uv": [10, 7.5, 8.25, 7.25], "texture": "#0"},
				"down": {"uv": [10.75, 3, 9, 3.25], "texture": "#0"}
			}
		},
		{
			"from": [10, 5, 6],
			"to": [12, 13, 10],
			"faces": {
				"north": {"uv": [8.25, 4.25, 8.75, 6.25], "texture": "#0"},
				"east": {"uv": [3.75, 1.25, 4.75, 3.25], "texture": "#0"},
				"south": {"uv": [5, 8.25, 5.5, 10.25], "texture": "#0"},
				"west": {"uv": [0, 4, 1, 6], "texture": "#0"},
				"up": {"uv": [9.25, 5.25, 8.75, 4.25], "texture": "#0"},
				"down": {"uv": [9.25, 5.25, 8.75, 6.25], "texture": "#0"}
			}
		},
		{
			"from": [4, 5, 6],
			"to": [6, 13, 10],
			"faces": {
				"north": {"uv": [0, 8.5, 0.5, 10.5], "texture": "#0"},
				"east": {"uv": [1, 4, 2, 6], "texture": "#0"},
				"south": {"uv": [0.5, 8.5, 1, 10.5], "texture": "#0"},
				"west": {"uv": [4, 3.25, 5, 5.25], "texture": "#0"},
				"up": {"uv": [9.5, 2, 9, 1], "texture": "#0"},
				"down": {"uv": [9.5, 2, 9, 3], "texture": "#0"}
			}
		},
		{
			"from": [6, 4.5, 6],
			"to": [10, 10, 11],
			"faces": {
				"north": {"uv": [7, 3.5, 8, 4.875], "texture": "#0"},
				"east": {"uv": [4.75, 1.25, 6, 2.625], "texture": "#0"},
				"south": {"uv": [1, 7.25, 2, 8.625], "texture": "#0"},
				"west": {"uv": [2, 4.75, 3.25, 6.125], "texture": "#0"},
				"up": {"uv": [3, 8.5, 2, 7.25], "texture": "#0"},
				"down": {"uv": [4, 7.25, 3, 8.5], "texture": "#0"}
			}
		},
		{
			"from": [6, 4.5, 2],
			"to": [10, 5, 6],
			"faces": {
				"north": {"uv": [9.5, 2.75, 10.5, 2.875], "texture": "#0"},
				"east": {"uv": [9.5, 5.75, 10.5, 5.875], "texture": "#0"},
				"south": {"uv": [9.5, 6, 10.5, 6.125], "texture": "#0"},
				"west": {"uv": [9.5, 6.25, 10.5, 6.375], "texture": "#0"},
				"up": {"uv": [3, 9.5, 2, 8.5], "texture": "#0"},
				"down": {"uv": [4, 8.5, 3, 9.5], "texture": "#0"}
			}
		},
		{
			"from": [6, 5, 5],
			"to": [10, 5.5, 6],
			"faces": {
				"north": {"uv": [9.5, 2.5, 10.5, 2.625], "texture": "#0"},
				"east": {"uv": [3.75, 3.25, 4, 3.375], "texture": "#0"},
				"south": {"uv": [2.75, 9.5, 3.75, 9.625], "texture": "#0"},
				"west": {"uv": [4.75, 2.75, 5, 2.875], "texture": "#0"},
				"up": {"uv": [7, 2.75, 6, 2.5], "texture": "#0"},
				"down": {"uv": [10, 8.25, 9, 8.5], "texture": "#0"}
			}
		},
		{
			"from": [7.25, 6, 14.25],
			"to": [8.75, 10, 15.75],
			"rotation": {"angle": 45, "axis": "y", "origin": [8, 8, 15]},
			"faces": {
				"north": {"uv": [1.25, 9.25, 1.625, 10.25], "texture": "#0"},
				"east": {"uv": [4, 9.25, 4.375, 10.25], "texture": "#0"},
				"south": {"uv": [9.25, 4.25, 9.625, 5.25], "texture": "#0"},
				"west": {"uv": [4.5, 9.25, 4.875, 10.25], "texture": "#0"},
				"up": {"uv": [7.875, 1.625, 7.5, 1.25], "texture": "#0"},
				"down": {"uv": [2.625, 9.5, 2.25, 9.875], "texture": "#0"}
			}
		},
		{
			"from": [4.25, 9.25, 12],
			"to": [11.75, 12.75, 17],
			"rotation": {"angle": 0, "axis": "z", "origin": [8, 9, 13]},
			"faces": {
				"north": {"uv": [5, 2.75, 6.875, 3.625], "texture": "#0"},
				"east": {"uv": [6.5, 7.5, 7.75, 8.375], "texture": "#0"},
				"south": {"uv": [5, 3.75, 6.875, 4.625], "texture": "#0"},
				"west": {"uv": [7.75, 7.5, 9, 8.375], "texture": "#0"},
				"up": {"uv": [3.875, 4.75, 2, 3.5], "texture": "#0"},
				"down": {"uv": [5.625, 0, 3.75, 1.25], "texture": "#0"}
			}
		},
		{
			"from": [4.25, 5.25, 10],
			"to": [11.75, 12.75, 12],
			"rotation": {"angle": 0, "axis": "z", "origin": [8, 9, 13]},
			"faces": {
				"north": {"uv": [0, 0, 1.875, 1.875], "texture": "#0"},
				"east": {"uv": [5.5, 8.5, 6, 10.375], "texture": "#0"},
				"south": {"uv": [0, 2, 1.875, 3.875], "texture": "#0"},
				"west": {"uv": [6, 8.5, 6.5, 10.375], "texture": "#0"},
				"up": {"uv": [8.375, 9, 6.5, 8.5], "texture": "#0"},
				"down": {"uv": [10.375, 8.5, 8.5, 9], "texture": "#0"}
			}
		},
		{
			"from": [6, 10, 6],
			"to": [10, 15, 10],
			"faces": {
				"north": {"uv": [7.25, 5, 8.25, 6.25], "texture": "#0"},
				"east": {"uv": [5.5, 7.25, 6.5, 8.5], "texture": "#0"},
				"south": {"uv": [7.25, 6.25, 8.25, 7.5], "texture": "#0"},
				"west": {"uv": [7.5, 0, 8.5, 1.25], "texture": "#0"},
				"up": {"uv": [9.25, 7.25, 8.25, 6.25], "texture": "#0"},
				"down": {"uv": [9.5, 0, 8.5, 1], "texture": "#0"}
			}
		}
	],
	"display": {
		"thirdperson_righthand": {
			"translation": [0, -2.5, -3],
			"scale": [0.7, 0.7, 0.7]
		},
		"thirdperson_lefthand": {
			"translation": [0, -2.5, -3],
			"scale": [0.7, 0.7, 0.7]
		},
		"firstperson_righthand": {
			"translation": [1, 0, -1.5]
		},
		"firstperson_lefthand": {
			"translation": [1, 0, -1.5]
		},
		"ground": {
			"translation": [0, 1, 0]
		},
		"gui": {
			"rotation": [45, 90, -45],
			"translation": [0.75, -0.75, 0],
			"scale": [0.8, 0.8, 0.8]
		}
	},
	"groups": [
		0,
		{
			"name": "barrel",
			"origin": [0, 0, 0],
			"color": 0,
			"children": [1, 2, 3, 4]
		},
		{
			"name": "group",
			"origin": [0, 0, -3],
			"color": 0,
			"children": [5, 6, 7, 8]
		},
		9,
		{
			"name": "group",
			"origin": [0, 0, 0],
			"color": 0,
			"children": [10, 11, 12, 13, 14]
		},
		{
			"name": "group",
			"origin": [8, 9, 9],
			"color": 0,
			"children": [15, 16, 17]
		},
		18
	]
}